respondent_id,Geschirrspüler,Backofen und Herd,Fernseher und Entertainment-Systeme,Bürogeräte,Waschmaschine,Staubsauger
,Geschirrspüler,Backofen und Herd,Fernseher und Entertainment-Systeme,Bürogeräte,Waschmaschine,Staubsauger
118865337253,"Ja, für 3 bis 6 Stunden","Nein, auf keinen Fall","Ja, aber maximal für 3 Stunden","Ja, für 3 bis 6 Stunden","Ja, aber maximal für 3 Stunden","Ja, für 6 bis 12 Stunden"
118864902528,"Ja, für mehr als 24 Stunden","Ja, für maximal 24 Stunden","Ja, für mehr als 24 Stunden","Ja, für 6 bis 12 Stunden","Ja, für mehr als 24 Stunden","Ja, für mehr als 24 Stunden"
118864896513,"Ja, für maximal 24 Stunden","Ja, aber maximal für 3 Stunden","Ja, aber maximal für 3 Stunden","Nein, auf keinen Fall","Ja, aber maximal für 3 Stunden","Ja, für 3 bis 6 Stunden"
118864429794,"Ja, für maximal 24 Stunden","Ja, aber maximal für 3 Stunden","Ja, für 3 bis 6 Stunden","Ja, für 6 bis 12 Stunden","Ja, für maximal 24 Stunden","Ja, für mehr als 24 Stunden"
118864377677,"Ja, für mehr als 24 Stunden","Ja, für 3 bis 6 Stunden","Nein, auf keinen Fall","Ja, für maximal 24 Stunden","Ja, für mehr als 24 Stunden","Ja, für mehr als 24 Stunden"
118864359644,"Ja, für mehr als 24 Stunden","Ja, für 6 bis 12 Stunden","Ja, für 3 bis 6 Stunden","Nein, auf keinen Fall","Ja, aber maximal für 3 Stunden","Ja, für maximal 24 Stunden"
118864248189,"Ja, für 6 bis 12 Stunden","Ja, für 3 bis 6 Stunden","Ja, für 3 bis 6 Stunden","Nein, auf keinen Fall","Ja, für maximal 24 Stunden","Ja, für maximal 24 Stunden"
118864149111,"Ja, für maximal 24 Stunden","Ja, für 6 bis 12 Stunden","Ja, für mehr als 24 Stunden","Ja, aber maximal für 3 Stunden","Ja, für mehr als 24 Stunden","Ja, für mehr als 24 Stunden"
118864023864,"Ja, für 6 bis 12 Stunden","Ja, aber maximal für 3 Stunden","Nein, auf keinen Fall","Nein, auf keinen Fall","Ja, für maximal 24 Stunden","Ja, für maximal 24 Stunden"
118864004036,"Ja, für mehr als 24 Stunden","Ja, für maximal 24 Stunden","Ja, für mehr als 24 Stunden","Ja, für maximal 24 Stunden","Ja, für maximal 24 Stunden","Ja, für mehr als 24 Stunden"
118863985701,"Ja, für mehr als 24 Stunden","Ja, für maximal 24 Stunden","Ja, für mehr als 24 Stunden","Ja, für 6 bis 12 Stunden","Ja, für maximal 24 Stunden","Ja, für maximal 24 Stunden"
118863934625,"Ja, für mehr als 24 Stunden","Ja, für 3 bis 6 Stunden","Ja, für maximal 24 Stunden","Ja, aber maximal für 3 Stunden","Ja, für 6 bis 12 Stunden","Ja, für mehr als 24 Stunden"
118863922119,"Ja, für mehr als 24 Stunden","Ja, für 6 bis 12 Stunden","Ja, für maximal 24 Stunden","Nein, auf keinen Fall","Ja, für 3 bis 6 Stunden","Ja, für maximal 24 Stunden"
118863893346,"Ja, für mehr als 24 Stunden","Ja, für mehr als 24 Stunden","Ja, für mehr als 24 Stunden","Nein, auf keinen Fall","Ja, für 6 bis 12 Stunden","Ja, für 6 bis 12 Stunden"
118863891002,"Ja, für mehr als 24 Stunden","Ja, für mehr als 24 Stunden","Ja, für mehr als 24 Stunden","Ja, aber maximal für 3 Stunden","Ja, für mehr als 24 Stunden","Ja, für mehr als 24 Stunden"
118863872491,"Ja, für mehr als 24 Stunden","Ja, aber maximal für 3 Stunden","Ja, für 6 bis 12 Stunden","Nein, auf keinen Fall","Ja, für mehr als 24 Stunden","Ja, für mehr als 24 Stunden"
118863862058,"Ja, für mehr als 24 Stunden","Ja, für 6 bis 12 Stunden","Ja, für 6 bis 12 Stunden","Ja, für mehr als 24 Stunden","Ja, für mehr als 24 Stunden","Ja, für mehr als 24 Stunden"
118863784974,"Ja, für maximal 24 Stunden","Ja, für 6 bis 12 Stunden","Ja, für maximal 24 Stunden","Ja, für 6 bis 12 Stunden","Ja, für mehr als 24 Stunden","Ja, für mehr als 24 Stunden"
118863593040,"Ja, für mehr als 24 Stunden","Ja, für 6 bis 12 Stunden","Ja, für mehr als 24 Stunden","Ja, für 3 bis 6 Stunden","Ja, für maximal 24 Stunden","Ja, für mehr als 24 Stunden"
118863567511,"Ja, für mehr als 24 Stunden","Nein, auf keinen Fall","Nein, auf keinen Fall","Nein, auf keinen Fall","Nein, auf keinen Fall","Nein, auf keinen Fall"
118863548745,"Ja, für maximal 24 Stunden","Nein, auf keinen Fall","Ja, für maximal 24 Stunden","Ja, für mehr als 24 Stunden","Ja, für maximal 24 Stunden","Ja, für mehr als 24 Stunden"
118863432342,"Ja, für maximal 24 Stunden","Ja, für 6 bis 12 Stunden","Ja, für maximal 24 Stunden","Ja, für 3 bis 6 Stunden","Ja, für mehr als 24 Stunden","Ja, für mehr als 24 Stunden"
118863395010,"Ja, für mehr als 24 Stunden","Ja, für maximal 24 Stunden","Ja, für mehr als 24 Stunden","Nein, auf keinen Fall","Ja, für mehr als 24 Stunden","Ja, für mehr als 24 Stunden"
118863368596,"Ja, für mehr als 24 Stunden","Ja, für 3 bis 6 Stunden","Ja, für mehr als 24 Stunden","Ja, für 6 bis 12 Stunden","Ja, für maximal 24 Stunden","Ja, für mehr als 24 Stunden"
118863364986,"Ja, für maximal 24 Stunden","Ja, aber maximal für 3 Stunden","Ja, für mehr als 24 Stunden","Ja, aber maximal für 3 Stunden","Ja, für 6 bis 12 Stunden","Ja, für mehr als 24 Stunden"
118863351926,"Nein, auf keinen Fall","Nein, auf keinen Fall","Nein, auf keinen Fall","Nein, auf keinen Fall","Nein, auf keinen Fall","Nein, auf keinen Fall"
118863342592,"Ja, für mehr als 24 Stunden","Ja, für 3 bis 6 Stunden","Ja, für maximal 24 Stunden","Ja, aber maximal für 3 Stunden","Ja, für mehr als 24 Stunden","Ja, für mehr als 24 Stunden"
118863331096,"Ja, für mehr als 24 Stunden","Ja, für 6 bis 12 Stunden","Ja, für 6 bis 12 Stunden","Ja, für mehr als 24 Stunden","Ja, für mehr als 24 Stunden","Ja, für mehr als 24 Stunden"
118863327593,"Ja, für 6 bis 12 Stunden","Ja, aber maximal für 3 Stunden","Ja, aber maximal für 3 Stunden","Nein, auf keinen Fall","Ja, für mehr als 24 Stunden","Ja, für maximal 24 Stunden"
118863326262,"Ja, für mehr als 24 Stunden","Ja, für mehr als 24 Stunden","Ja, für 6 bis 12 Stunden","Ja, für 3 bis 6 Stunden","Ja, für mehr als 24 Stunden","Ja, für mehr als 24 Stunden"
118863321869,"Ja, aber maximal für 3 Stunden","Ja, aber maximal für 3 Stunden","Nein, auf keinen Fall","Nein, auf keinen Fall",,"Nein, auf keinen Fall"
118863315318,"Ja, für mehr als 24 Stunden","Ja, für 3 bis 6 Stunden","Ja, für 6 bis 12 Stunden","Ja, für 3 bis 6 Stunden","Ja, für 6 bis 12 Stunden","Ja, für mehr als 24 Stunden"
118752452689,"Ja, für 6 bis 12 Stunden","Nein, auf keinen Fall","Ja, aber maximal für 3 Stunden","Nein, auf keinen Fall","Ja, für 6 bis 12 Stunden","Ja, für 6 bis 12 Stunden"
118745041241,"Ja, für mehr als 24 Stunden","Ja, für maximal 24 Stunden","Ja, für mehr als 24 Stunden","Ja, für mehr als 24 Stunden","Ja, für mehr als 24 Stunden","Ja, für mehr als 24 Stunden"
118745035969,"Ja, für mehr als 24 Stunden","Ja, für 6 bis 12 Stunden","Ja, für mehr als 24 Stunden","Ja, für maximal 24 Stunden","Ja, für mehr als 24 Stunden","Ja, für mehr als 24 Stunden"
118745035159,"Ja, für 3 bis 6 Stunden","Nein, auf keinen Fall","Nein, auf keinen Fall","Nein, auf keinen Fall","Ja, für 3 bis 6 Stunden","Ja, für 3 bis 6 Stunden"
118728905344,"Ja, für mehr als 24 Stunden","Ja, für 3 bis 6 Stunden","Ja, für mehr als 24 Stunden","Ja, aber maximal für 3 Stunden","Ja, für mehr als 24 Stunden","Ja, für mehr als 24 Stunden"
118728041541,"Ja, für mehr als 24 Stunden","Ja, für 6 bis 12 Stunden","Nein, auf keinen Fall","Nein, auf keinen Fall","Ja, für mehr als 24 Stunden","Ja, für mehr als 24 Stunden"
118725909916,"Ja, für 3 bis 6 Stunden","Ja, aber maximal für 3 Stunden","Nein, auf keinen Fall","Ja, für 6 bis 12 Stunden","Nein, auf keinen Fall","Ja, aber maximal für 3 Stunden"
118725489712,"Ja, für mehr als 24 Stunden","Ja, für 3 bis 6 Stunden","Ja, aber maximal für 3 Stunden","Nein, auf keinen Fall","Ja, für mehr als 24 Stunden","Ja, für mehr als 24 Stunden"
118725204330,"Ja, für mehr als 24 Stunden","Ja, aber maximal für 3 Stunden","Nein, auf keinen Fall","Nein, auf keinen Fall","Ja, für mehr als 24 Stunden","Ja, für mehr als 24 Stunden"
118725167746,"Ja, für mehr als 24 Stunden","Ja, für maximal 24 Stunden","Ja, für mehr als 24 Stunden","Ja, für mehr als 24 Stunden","Ja, für mehr als 24 Stunden","Ja, für mehr als 24 Stunden"
118725152865,"Ja, für 6 bis 12 Stunden","Ja, aber maximal für 3 Stunden","Ja, für maximal 24 Stunden","Nein, auf keinen Fall","Ja, für maximal 24 Stunden","Ja, für maximal 24 Stunden"
118725110569,"Ja, für 6 bis 12 Stunden","Nein, auf keinen Fall","Nein, auf keinen Fall","Nein, auf keinen Fall","Ja, für maximal 24 Stunden","Nein, auf keinen Fall"
118723447559,"Ja, für mehr als 24 Stunden","Ja, für mehr als 24 Stunden","Ja, für mehr als 24 Stunden","Ja, für maximal 24 Stunden","Ja, für mehr als 24 Stunden","Ja, für mehr als 24 Stunden"
118723237756,"Nein, auf keinen Fall","Nein, auf keinen Fall","Ja, aber maximal für 3 Stunden","Ja, aber maximal für 3 Stunden","Nein, auf keinen Fall","Ja, aber maximal für 3 Stunden"
118722584838,"Ja, für maximal 24 Stunden","Ja, für 6 bis 12 Stunden","Ja, für 6 bis 12 Stunden","Ja, für 3 bis 6 Stunden","Ja, für maximal 24 Stunden","Ja, für mehr als 24 Stunden"
118722351539,"Ja, für maximal 24 Stunden","Ja, aber maximal für 3 Stunden","Nein, auf keinen Fall","Nein, auf keinen Fall","Ja, für maximal 24 Stunden","Ja, für maximal 24 Stunden"
118721763559,"Ja, für mehr als 24 Stunden","Ja, für mehr als 24 Stunden","Ja, für mehr als 24 Stunden","Ja, für mehr als 24 Stunden","Ja, aber maximal für 3 Stunden","Ja, für maximal 24 Stunden"
118721723631,"Ja, für mehr als 24 Stunden","Ja, für maximal 24 Stunden","Ja, für mehr als 24 Stunden","Ja, für mehr als 24 Stunden","Ja, für mehr als 24 Stunden","Ja, für mehr als 24 Stunden"
118721622091,"Ja, für mehr als 24 Stunden","Ja, für maximal 24 Stunden","Ja, für 6 bis 12 Stunden","Ja, für mehr als 24 Stunden","Ja, für 6 bis 12 Stunden","Ja, für 6 bis 12 Stunden"
118721620651,"Ja, für 6 bis 12 Stunden","Nein, auf keinen Fall","Ja, aber maximal für 3 Stunden","Ja, aber maximal für 3 Stunden","Ja, für 6 bis 12 Stunden","Ja, aber maximal für 3 Stunden"
118721595224,"Ja, für mehr als 24 Stunden","Nein, auf keinen Fall","Nein, auf keinen Fall","Nein, auf keinen Fall","Ja, für mehr als 24 Stunden","Ja, für mehr als 24 Stunden"
118721556715,"Ja, für maximal 24 Stunden","Ja, für 3 bis 6 Stunden","Ja, für mehr als 24 Stunden","Ja, für maximal 24 Stunden","Ja, für mehr als 24 Stunden","Ja, für mehr als 24 Stunden"
118721543449,"Ja, für mehr als 24 Stunden","Ja, für 6 bis 12 Stunden","Ja, für mehr als 24 Stunden","Ja, für 6 bis 12 Stunden","Ja, aber maximal für 3 Stunden","Ja, für mehr als 24 Stunden"
118721499184,"Ja, aber maximal für 3 Stunden","Ja, aber maximal für 3 Stunden","Ja, aber maximal für 3 Stunden","Ja, für 6 bis 12 Stunden","Ja, für 3 bis 6 Stunden","Ja, für 3 bis 6 Stunden"
118721456430,"Ja, für mehr als 24 Stunden","Nein, auf keinen Fall","Ja, für 3 bis 6 Stunden","Ja, für 3 bis 6 Stunden","Ja, für 3 bis 6 Stunden","Ja, für 3 bis 6 Stunden"
118721400034,"Ja, für mehr als 24 Stunden","Ja, für 6 bis 12 Stunden","Ja, für 3 bis 6 Stunden","Ja, für mehr als 24 Stunden","Ja, für mehr als 24 Stunden","Ja, für mehr als 24 Stunden"
118721395041,"Ja, für mehr als 24 Stunden","Ja, für 6 bis 12 Stunden","Ja, für maximal 24 Stunden","Ja, für 3 bis 6 Stunden","Ja, für mehr als 24 Stunden","Ja, für mehr als 24 Stunden"
118721391105,"Ja, für mehr als 24 Stunden","Ja, für maximal 24 Stunden","Nein, auf keinen Fall","Ja, für mehr als 24 Stunden","Ja, für mehr als 24 Stunden","Ja, für mehr als 24 Stunden"
118721337485,"Ja, für maximal 24 Stunden","Ja, für maximal 24 Stunden","Ja, für mehr als 24 Stunden","Ja, für mehr als 24 Stunden","Ja, für mehr als 24 Stunden","Ja, für mehr als 24 Stunden"
118721331365,"Ja, für maximal 24 Stunden","Ja, aber maximal für 3 Stunden","Ja, für 6 bis 12 Stunden","Nein, auf keinen Fall","Ja, für mehr als 24 Stunden","Ja, für mehr als 24 Stunden"
118721328556,"Ja, für mehr als 24 Stunden","Ja, für maximal 24 Stunden","Ja, für mehr als 24 Stunden","Ja, für mehr als 24 Stunden","Ja, für mehr als 24 Stunden","Ja, für mehr als 24 Stunden"
118721197328,"Ja, aber maximal für 3 Stunden","Nein, auf keinen Fall","Ja, aber maximal für 3 Stunden","Nein, auf keinen Fall","Ja, aber maximal für 3 Stunden","Nein, auf keinen Fall"
118721153752,"Ja, für mehr als 24 Stunden","Ja, für 6 bis 12 Stunden","Ja, für maximal 24 Stunden","Ja, für mehr als 24 Stunden","Ja, für mehr als 24 Stunden","Ja, für mehr als 24 Stunden"
118721125261,"Ja, für 3 bis 6 Stunden","Ja, aber maximal für 3 Stunden","Ja, für 3 bis 6 Stunden",,"Ja, aber maximal für 3 Stunden","Ja, aber maximal für 3 Stunden"
118721006467,"Nein, auf keinen Fall","Nein, auf keinen Fall","Nein, auf keinen Fall","Nein, auf keinen Fall","Nein, auf keinen Fall",
118720956129,"Ja, für 6 bis 12 Stunden","Ja, aber maximal für 3 Stunden","Ja, für mehr als 24 Stunden","Nein, auf keinen Fall","Ja, für maximal 24 Stunden","Ja, für 3 bis 6 Stunden"
118720912499,"Ja, für mehr als 24 Stunden","Ja, aber maximal für 3 Stunden","Ja, für mehr als 24 Stunden","Ja, aber maximal für 3 Stunden","Ja, für maximal 24 Stunden","Ja, für mehr als 24 Stunden"
118720905950,"Ja, für mehr als 24 Stunden","Nein, auf keinen Fall","Ja, für maximal 24 Stunden","Ja, für 6 bis 12 Stunden","Ja, für mehr als 24 Stunden","Ja, für mehr als 24 Stunden"
118720902903,"Ja, für 6 bis 12 Stunden","Nein, auf keinen Fall","Ja, für mehr als 24 Stunden","Nein, auf keinen Fall","Ja, für mehr als 24 Stunden","Ja, für mehr als 24 Stunden"
118720900408,"Ja, für mehr als 24 Stunden","Ja, für maximal 24 Stunden","Ja, für mehr als 24 Stunden","Nein, auf keinen Fall","Ja, für mehr als 24 Stunden","Ja, für mehr als 24 Stunden"
118720897761,"Ja, aber maximal für 3 Stunden","Nein, auf keinen Fall","Ja, aber maximal für 3 Stunden","Nein, auf keinen Fall","Ja, für 3 bis 6 Stunden","Nein, auf keinen Fall"
118720897461,"Ja, für maximal 24 Stunden","Ja, für 3 bis 6 Stunden","Ja, für 3 bis 6 Stunden","Ja, für 3 bis 6 Stunden","Ja, für maximal 24 Stunden","Ja, für mehr als 24 Stunden"
118720895378,"Ja, für mehr als 24 Stunden","Ja, für mehr als 24 Stunden","Ja, für mehr als 24 Stunden","Nein, auf keinen Fall","Ja, für mehr als 24 Stunden","Ja, für mehr als 24 Stunden"
118720891261,"Ja, für 6 bis 12 Stunden","Ja, für 3 bis 6 Stunden","Ja, für mehr als 24 Stunden","Ja, für 3 bis 6 Stunden","Ja, für 6 bis 12 Stunden","Ja, für mehr als 24 Stunden"
118720890752,"Ja, für mehr als 24 Stunden","Ja, für maximal 24 Stunden","Ja, für maximal 24 Stunden","Ja, für 6 bis 12 Stunden","Ja, für mehr als 24 Stunden","Ja, für mehr als 24 Stunden"
118720890310,"Nein, auf keinen Fall","Nein, auf keinen Fall","Nein, auf keinen Fall","Ja, aber maximal für 3 Stunden","Nein, auf keinen Fall","Nein, auf keinen Fall"
118720887674,"Ja, für mehr als 24 Stunden","Ja, für mehr als 24 Stunden","Ja, für mehr als 24 Stunden","Ja, aber maximal für 3 Stunden","Ja, für mehr als 24 Stunden","Ja, für mehr als 24 Stunden"
118720887094,"Ja, für 3 bis 6 Stunden","Ja, für 3 bis 6 Stunden","Nein, auf keinen Fall","Ja, für 6 bis 12 Stunden","Ja, für mehr als 24 Stunden","Ja, für mehr als 24 Stunden"
118720882393,"Ja, für mehr als 24 Stunden","Ja, für maximal 24 Stunden","Nein, auf keinen Fall","Ja, für mehr als 24 Stunden","Nein, auf keinen Fall","Nein, auf keinen Fall"
118720881324,"Ja, für maximal 24 Stunden","Ja, aber maximal für 3 Stunden","Nein, auf keinen Fall","Nein, auf keinen Fall","Ja, für mehr als 24 Stunden","Ja, für maximal 24 Stunden"
118720881244,"Ja, für 6 bis 12 Stunden","Ja, für 3 bis 6 Stunden","Ja, für mehr als 24 Stunden","Ja, für 6 bis 12 Stunden","Ja, für mehr als 24 Stunden","Ja, für mehr als 24 Stunden"
118720880281,"Ja, für 6 bis 12 Stunden","Ja, für 6 bis 12 Stunden","Ja, für 6 bis 12 Stunden","Ja, für maximal 24 Stunden","Ja, für 6 bis 12 Stunden","Ja, für mehr als 24 Stunden"
118720878032,"Ja, für 3 bis 6 Stunden","Nein, auf keinen Fall","Ja, für 3 bis 6 Stunden","Nein, auf keinen Fall","Ja, für 6 bis 12 Stunden","Ja, für maximal 24 Stunden"
118720876610,"Ja, für 3 bis 6 Stunden","Ja, aber maximal für 3 Stunden","Ja, für mehr als 24 Stunden","Ja, für 6 bis 12 Stunden","Nein, auf keinen Fall","Nein, auf keinen Fall"
118720875003,"Nein, auf keinen Fall","Nein, auf keinen Fall","Nein, auf keinen Fall","Nein, auf keinen Fall","Nein, auf keinen Fall","Nein, auf keinen Fall"
118720874823,"Ja, für mehr als 24 Stunden","Ja, für 6 bis 12 Stunden","Ja, für mehr als 24 Stunden","Ja, für maximal 24 Stunden","Ja, für mehr als 24 Stunden","Ja, für mehr als 24 Stunden"
118720874594,"Ja, für mehr als 24 Stunden","Ja, für mehr als 24 Stunden","Ja, für mehr als 24 Stunden","Ja, für 3 bis 6 Stunden","Ja, für mehr als 24 Stunden","Ja, für mehr als 24 Stunden"
118720874067,"Ja, für 6 bis 12 Stunden","Nein, auf keinen Fall","Nein, auf keinen Fall","Ja, aber maximal für 3 Stunden","Ja, für 6 bis 12 Stunden","Ja, für 6 bis 12 Stunden"
118720873582,"Ja, aber maximal für 3 Stunden","Nein, auf keinen Fall","Ja, aber maximal für 3 Stunden","Ja, für 6 bis 12 Stunden","Nein, auf keinen Fall","Nein, auf keinen Fall"
118720873581,"Ja, für 3 bis 6 Stunden","Nein, auf keinen Fall","Ja, für mehr als 24 Stunden","Ja, für 3 bis 6 Stunden","Ja, für maximal 24 Stunden","Ja, für 6 bis 12 Stunden"
118720873448,"Ja, für mehr als 24 Stunden","Ja, für mehr als 24 Stunden","Nein, auf keinen Fall","Nein, auf keinen Fall","Ja, für maximal 24 Stunden","Ja, für mehr als 24 Stunden"
118720872081,"Ja, für maximal 24 Stunden","Ja, für 6 bis 12 Stunden","Ja, für maximal 24 Stunden","Ja, für 3 bis 6 Stunden","Ja, für 3 bis 6 Stunden","Ja, für mehr als 24 Stunden"
118720872071,"Ja, für maximal 24 Stunden","Ja, für 6 bis 12 Stunden","Ja, für maximal 24 Stunden","Ja, für 3 bis 6 Stunden","Ja, für 6 bis 12 Stunden","Ja, für mehr als 24 Stunden"
118720869708,"Ja, für mehr als 24 Stunden","Ja, aber maximal für 3 Stunden","Ja, aber maximal für 3 Stunden","Nein, auf keinen Fall","Ja, für mehr als 24 Stunden","Ja, für mehr als 24 Stunden"
118720869178,"Ja, für mehr als 24 Stunden","Ja, für 6 bis 12 Stunden","Ja, für mehr als 24 Stunden","Ja, aber maximal für 3 Stunden","Ja, für mehr als 24 Stunden","Ja, für mehr als 24 Stunden"
118720868828,"Ja, für 6 bis 12 Stunden","Ja, für 3 bis 6 Stunden","Ja, für mehr als 24 Stunden","Ja, aber maximal für 3 Stunden","Ja, für maximal 24 Stunden","Ja, für mehr als 24 Stunden"
118720617197,"Ja, aber maximal für 3 Stunden","Ja, aber maximal für 3 Stunden","Ja, aber maximal für 3 Stunden","Nein, auf keinen Fall","Ja, aber maximal für 3 Stunden","Ja, aber maximal für 3 Stunden"
118720359488,"Ja, für mehr als 24 Stunden","Ja, für 6 bis 12 Stunden","Ja, für 6 bis 12 Stunden","Ja, für mehr als 24 Stunden","Ja, für mehr als 24 Stunden","Ja, für mehr als 24 Stunden"
118720304414,"Ja, für 6 bis 12 Stunden","Ja, für 6 bis 12 Stunden","Ja, für mehr als 24 Stunden","Ja, für 3 bis 6 Stunden","Ja, für maximal 24 Stunden","Ja, für 6 bis 12 Stunden"
118720210295,"Ja, für mehr als 24 Stunden","Ja, für mehr als 24 Stunden","Ja, für maximal 24 Stunden","Ja, für 6 bis 12 Stunden","Ja, für mehr als 24 Stunden","Ja, für mehr als 24 Stunden"
118720095220,"Ja, für 6 bis 12 Stunden","Ja, für 6 bis 12 Stunden","Ja, für mehr als 24 Stunden","Ja, für mehr als 24 Stunden","Ja, für mehr als 24 Stunden","Ja, für mehr als 24 Stunden"
118719940488,"Ja, für 6 bis 12 Stunden","Ja, für 6 bis 12 Stunden","Ja, für mehr als 24 Stunden","Ja, für mehr als 24 Stunden","Ja, für 3 bis 6 Stunden","Ja, für mehr als 24 Stunden"
118719844221,"Ja, für mehr als 24 Stunden","Ja, für mehr als 24 Stunden","Ja, für maximal 24 Stunden","Ja, für 3 bis 6 Stunden","Ja, für mehr als 24 Stunden","Ja, für mehr als 24 Stunden"
118719800343,"Ja, für mehr als 24 Stunden","Ja, für 6 bis 12 Stunden","Ja, für mehr als 24 Stunden","Ja, aber maximal für 3 Stunden","Ja, für 6 bis 12 Stunden","Ja, für 6 bis 12 Stunden"
118719787450,"Ja, für mehr als 24 Stunden","Ja, für 6 bis 12 Stunden","Ja, für mehr als 24 Stunden","Ja, für mehr als 24 Stunden","Ja, für mehr als 24 Stunden","Ja, für mehr als 24 Stunden"
118719777684,"Ja, für mehr als 24 Stunden","Ja, aber maximal für 3 Stunden","Ja, für 3 bis 6 Stunden","Ja, für 6 bis 12 Stunden","Ja, für mehr als 24 Stunden","Ja, für mehr als 24 Stunden"
118719751123,"Ja, aber maximal für 3 Stunden","Ja, für 3 bis 6 Stunden","Ja, aber maximal für 3 Stunden","Nein, auf keinen Fall","Ja, für 3 bis 6 Stunden","Ja, für 6 bis 12 Stunden"
118719745254,"Ja, für 3 bis 6 Stunden","Ja, für 6 bis 12 Stunden","Ja, für 6 bis 12 Stunden","Ja, für 6 bis 12 Stunden","Ja, aber maximal für 3 Stunden","Ja, für 3 bis 6 Stunden"
118719744912,"Ja, für maximal 24 Stunden","Ja, für maximal 24 Stunden","Ja, für maximal 24 Stunden","Ja, für maximal 24 Stunden","Ja, für maximal 24 Stunden","Ja, für maximal 24 Stunden"
118719740529,"Ja, für maximal 24 Stunden","Nein, auf keinen Fall","Ja, aber maximal für 3 Stunden","Ja, für 3 bis 6 Stunden","Ja, für maximal 24 Stunden","Ja, für maximal 24 Stunden"
118719740378,"Nein, auf keinen Fall","Nein, auf keinen Fall","Nein, auf keinen Fall","Nein, auf keinen Fall","Nein, auf keinen Fall","Ja, für maximal 24 Stunden"
118719731879,"Ja, für 6 bis 12 Stunden","Nein, auf keinen Fall","Nein, auf keinen Fall","Nein, auf keinen Fall","Ja, für 6 bis 12 Stunden","Ja, für maximal 24 Stunden"
118719723990,"Nein, auf keinen Fall","Nein, auf keinen Fall","Nein, auf keinen Fall","Nein, auf keinen Fall","Nein, auf keinen Fall","Nein, auf keinen Fall"
118719722284,"Ja, für 3 bis 6 Stunden","Nein, auf keinen Fall","Nein, auf keinen Fall","Nein, auf keinen Fall","Ja, für 6 bis 12 Stunden","Ja, für 3 bis 6 Stunden"
118719718843,"Ja, für maximal 24 Stunden","Ja, für maximal 24 Stunden","Ja, für maximal 24 Stunden","Ja, für maximal 24 Stunden","Ja, für maximal 24 Stunden","Ja, für maximal 24 Stunden"
118719706439,"Ja, für maximal 24 Stunden","Ja, für maximal 24 Stunden","Ja, für maximal 24 Stunden","Ja, für maximal 24 Stunden","Ja, für maximal 24 Stunden","Ja, für maximal 24 Stunden"
118719702607,"Ja, für maximal 24 Stunden","Ja, für 6 bis 12 Stunden","Nein, auf keinen Fall","Ja, für maximal 24 Stunden","Ja, für maximal 24 Stunden","Ja, für maximal 24 Stunden"
118719701032,"Ja, für 3 bis 6 Stunden","Nein, auf keinen Fall","Ja, aber maximal für 3 Stunden","Nein, auf keinen Fall","Ja, für 6 bis 12 Stunden","Ja, für maximal 24 Stunden"
118719698162,"Ja, für 6 bis 12 Stunden","Ja, für 3 bis 6 Stunden","Ja, für 3 bis 6 Stunden","Ja, für maximal 24 Stunden","Ja, für 6 bis 12 Stunden","Ja, für maximal 24 Stunden"
118719690366,"Nein, auf keinen Fall","Ja, für 3 bis 6 Stunden","Ja, für 3 bis 6 Stunden","Ja, für 3 bis 6 Stunden","Ja, aber maximal für 3 Stunden","Ja, für 6 bis 12 Stunden"
118719658084,"Ja, für maximal 24 Stunden","Ja, für 3 bis 6 Stunden","Ja, für maximal 24 Stunden","Ja, aber maximal für 3 Stunden","Ja, für maximal 24 Stunden","Ja, für maximal 24 Stunden"
118719657490,"Nein, auf keinen Fall","Nein, auf keinen Fall","Nein, auf keinen Fall","Nein, auf keinen Fall","Nein, auf keinen Fall","Nein, auf keinen Fall"
118719648913,"Ja, für maximal 24 Stunden","Ja, für maximal 24 Stunden","Ja, für 3 bis 6 Stunden","Ja, aber maximal für 3 Stunden","Ja, für maximal 24 Stunden","Ja, für maximal 24 Stunden"
118719640453,"Ja, für 6 bis 12 Stunden","Ja, aber maximal für 3 Stunden","Ja, für maximal 24 Stunden","Ja, für 6 bis 12 Stunden","Ja, für maximal 24 Stunden","Ja, für maximal 24 Stunden"
118719638341,"Ja, für 6 bis 12 Stunden","Ja, für 3 bis 6 Stunden","Ja, für 3 bis 6 Stunden","Ja, für 3 bis 6 Stunden","Ja, für maximal 24 Stunden","Ja, für maximal 24 Stunden"
118719632641,"Ja, für maximal 24 Stunden","Ja, für 3 bis 6 Stunden","Ja, für maximal 24 Stunden","Ja, für maximal 24 Stunden","Ja, für maximal 24 Stunden","Ja, für maximal 24 Stunden"
118719622185,"Ja, für maximal 24 Stunden","Ja, für maximal 24 Stunden","Ja, für maximal 24 Stunden","Ja, für maximal 24 Stunden","Ja, für maximal 24 Stunden","Ja, für maximal 24 Stunden"
118719618428,"Ja, für 6 bis 12 Stunden","Ja, aber maximal für 3 Stunden","Ja, für maximal 24 Stunden","Nein, auf keinen Fall","Ja, für 3 bis 6 Stunden","Ja, für maximal 24 Stunden"
118719614056,"Ja, für maximal 24 Stunden","Ja, für 6 bis 12 Stunden","Ja, für 3 bis 6 Stunden","Ja, für 6 bis 12 Stunden","Ja, aber maximal für 3 Stunden","Ja, für maximal 24 Stunden"
118719609522,"Ja, aber maximal für 3 Stunden","Nein, auf keinen Fall","Ja, aber maximal für 3 Stunden","Ja, aber maximal für 3 Stunden","Ja, aber maximal für 3 Stunden","Ja, für 3 bis 6 Stunden"
118719608146,"Ja, für maximal 24 Stunden","Ja, für maximal 24 Stunden","Ja, für maximal 24 Stunden","Ja, für maximal 24 Stunden","Ja, für maximal 24 Stunden","Ja, für maximal 24 Stunden"
118719600879,"Ja, für maximal 24 Stunden","Ja, für maximal 24 Stunden","Ja, für maximal 24 Stunden","Ja, für 6 bis 12 Stunden","Ja, für maximal 24 Stunden","Ja, für maximal 24 Stunden"
118719590338,"Ja, für maximal 24 Stunden","Ja, für maximal 24 Stunden","Ja, für maximal 24 Stunden","Ja, für maximal 24 Stunden","Ja, für maximal 24 Stunden","Ja, für maximal 24 Stunden"
118719585877,"Ja, für 6 bis 12 Stunden","Ja, für 3 bis 6 Stunden","Ja, für 6 bis 12 Stunden","Ja, für maximal 24 Stunden","Ja, für 6 bis 12 Stunden","Ja, für maximal 24 Stunden"
118719585430,"Ja, für 6 bis 12 Stunden","Ja, aber maximal für 3 Stunden","Ja, für 3 bis 6 Stunden","Ja, aber maximal für 3 Stunden","Ja, für 3 bis 6 Stunden","Ja, für maximal 24 Stunden"
118719583858,"Ja, für maximal 24 Stunden","Ja, für 6 bis 12 Stunden","Ja, für maximal 24 Stunden","Ja, für 3 bis 6 Stunden","Ja, für maximal 24 Stunden","Ja, für maximal 24 Stunden"
118719565260,"Ja, aber maximal für 3 Stunden","Nein, auf keinen Fall","Ja, für 6 bis 12 Stunden","Ja, für 6 bis 12 Stunden","Ja, für 6 bis 12 Stunden","Ja, für 6 bis 12 Stunden"
118719560234,"Ja, für maximal 24 Stunden","Ja, für maximal 24 Stunden","Ja, für maximal 24 Stunden","Ja, für maximal 24 Stunden","Ja, für maximal 24 Stunden","Ja, für maximal 24 Stunden"
118719559146,"Ja, aber maximal für 3 Stunden","Nein, auf keinen Fall","Ja, aber maximal für 3 Stunden","Nein, auf keinen Fall","Ja, aber maximal für 3 Stunden","Ja, aber maximal für 3 Stunden"
118719554786,"Ja, für 6 bis 12 Stunden","Ja, für 3 bis 6 Stunden","Ja, für 6 bis 12 Stunden","Ja, für 3 bis 6 Stunden","Ja, für 6 bis 12 Stunden","Ja, für 6 bis 12 Stunden"
118719550176,"Ja, für maximal 24 Stunden","Ja, für 3 bis 6 Stunden","Ja, für maximal 24 Stunden","Ja, für 6 bis 12 Stunden","Ja, für maximal 24 Stunden","Ja, für maximal 24 Stunden"
118719549032,"Ja, für 6 bis 12 Stunden","Nein, auf keinen Fall","Nein, auf keinen Fall","Nein, auf keinen Fall","Ja, für maximal 24 Stunden","Ja, für 3 bis 6 Stunden"
118719545936,"Ja, für maximal 24 Stunden","Ja, für 3 bis 6 Stunden","Ja, für maximal 24 Stunden","Ja, für maximal 24 Stunden","Ja, für maximal 24 Stunden","Ja, für maximal 24 Stunden"
118719545213,"Ja, für 3 bis 6 Stunden","Nein, auf keinen Fall","Ja, aber maximal für 3 Stunden","Nein, auf keinen Fall","Ja, für maximal 24 Stunden","Ja, für maximal 24 Stunden"
118719540468,"Ja, für 3 bis 6 Stunden","Ja, aber maximal für 3 Stunden","Ja, für 3 bis 6 Stunden","Ja, aber maximal für 3 Stunden","Ja, aber maximal für 3 Stunden","Ja, für maximal 24 Stunden"
118719539315,"Ja, für maximal 24 Stunden","Ja, für maximal 24 Stunden","Ja, für maximal 24 Stunden","Ja, für maximal 24 Stunden","Ja, für maximal 24 Stunden","Ja, für maximal 24 Stunden"
118719538617,"Ja, für maximal 24 Stunden","Ja, für maximal 24 Stunden","Ja, für 6 bis 12 Stunden","Ja, für maximal 24 Stunden","Ja, für maximal 24 Stunden","Ja, für maximal 24 Stunden"
118719538578,"Ja, für maximal 24 Stunden","Ja, für maximal 24 Stunden","Ja, für maximal 24 Stunden","Nein, auf keinen Fall","Ja, für maximal 24 Stunden","Ja, für maximal 24 Stunden"
118719534721,"Ja, für maximal 24 Stunden","Ja, für maximal 24 Stunden","Ja, für 3 bis 6 Stunden","Ja, für maximal 24 Stunden","Ja, für maximal 24 Stunden","Ja, für 3 bis 6 Stunden"
118719536194,"Ja, aber maximal für 3 Stunden","Nein, auf keinen Fall","Ja, für maximal 24 Stunden","Ja, aber maximal für 3 Stunden","Ja, für maximal 24 Stunden","Ja, für 6 bis 12 Stunden"
118718418410,"Ja, für maximal 24 Stunden","Ja, für maximal 24 Stunden","Ja, für 3 bis 6 Stunden","Nein, auf keinen Fall","Ja, für 6 bis 12 Stunden","Ja, für maximal 24 Stunden"
118718417818,"Ja, für maximal 24 Stunden","Ja, für 6 bis 12 Stunden","Ja, für 6 bis 12 Stunden","Ja, für 3 bis 6 Stunden","Ja, für maximal 24 Stunden","Ja, für maximal 24 Stunden"
118717793319,"Ja, für 6 bis 12 Stunden","Ja, für 3 bis 6 Stunden","Ja, für maximal 24 Stunden","Ja, für 3 bis 6 Stunden","Ja, für maximal 24 Stunden","Ja, für maximal 24 Stunden"
