respondent_id,collector_id,date_created,date_modified,ip_address,email_address,first_name,last_name,custom_1,Wie alt sind Sie?,Was ist Ihr Geschlecht?,Wie viele Personen leben in Ihrem Haushalt?,In welcher Art von Unterkunft wohnen Sie?,,,,Welche Art von Strom beziehen Sie hauptsächlich?,"Denken Sie, dass die zunehmende Erzeugung erneuerbarer Energien Herausforderungen für das Stromsystem mit sich bringt? Wenn ja, welche?Falls Sie es nicht wissen, können Sie gerne ‚wn‘ (weiss nicht) schreiben.",Welche der folgenden Konsequenzen der zunehmenden Einspeisung von erneuerbaren Energien ist aus Ihrer Sicht problematisch? (Nur eine Antwort möglich)?,"Bitte bewerten Sie, wie wichtig es für Sie ist, die folgenden Haushaltsgeräte jederzeit nutzen zu können (1 = sehr unwichtig, 5 = sehr wichtig)",,,,,,"Könnten Sie sich vorstellen, eines der folgenden Haushaltsgeräte für einen begrenzten Zeitraum nicht einzuschalten, wenn Sie vom Elektrizitätswerk darum gebeten werden?",,,,,,"Würde sich Ihre Bereitschaft erhöhen, die folgenden Haushaltsgeräte nicht zu nutzen, wenn Sie dafür eine finanzielle Belohnung erhalten würden?",,,,,,,,,,,,"Könnten Sie sich vorstellen, von Ihrem Elektrizitätswerk benachrichtigt zu werden (z. B. per SMS oder App), wenn das Stromnetz stark ausgelastet ist?","Könnten Sie sich vorstellen, einen intelligenten Zwischenstecker (Smart Plug) an Ihren Geräten zu installieren, damit Ihr Elektrizitätswerk Ihren Beitrag messen und Sie entsprechend vergüten kann?",Wie hoch ist Ihr monatliches Haushaltsnettoeinkommen?,Was ist Ihr höchster Bildungsabschluss?,Welche der folgenden Parteien entspricht am ehesten Ihrer politischen Präferenz?
,,,,,,,,,Response,Response,Response,Wohnung (Eigentum),Wohnung (Miete),Haus (Miete),Haus (Eigentum),Response,Open-Ended Response,Response,Geschirrspüler,Backofen und Herd,Fernseher und Entertainment-Systeme,Bürogeräte,Waschmaschine,Staubsauger,Geschirrspüler,Backofen und Herd,Fernseher und Entertainment-Systeme,Bürogeräte,Waschmaschine,Staubsauger,"Geschirrspüler - Ja f, freiwilligJa +, mit Kompensationoder Nein","Geschirrspüler - Falls Ja, Stromkosten-Rabatt in Prozent","Backofen und Herd - Ja f, freiwilligJa +, mit Kompensationoder Nein","Backofen und Herd - Falls Ja, Stromkosten-Rabatt in Prozent","Fernseher und Entertainment-Systeme - Ja f, freiwilligJa +, mit Kompensationoder Nein","Fernseher und Entertainment-Systeme - Falls Ja, Stromkosten-Rabatt in Prozent","Bürogeräte - Ja f, freiwilligJa +, mit Kompensationoder Nein","Bürogeräte - Falls Ja, Stromkosten-Rabatt in Prozent","Waschmaschine - Ja f, freiwilligJa +, mit Kompensationoder Nein","Waschmaschine - Falls Ja, Stromkosten-Rabatt in Prozent","Staubsauger - Ja f, freiwilligJa +, mit Kompensationoder Nein","Staubsauger - Falls Ja, Stromkosten-Rabatt in Prozent",Response,Response,Response,Response,Response
118865337253,458224841,05/14/2025 07:56:51 PM,05/14/2025 08:00:13 PM,213.55.244.17,,,,,32,Weiblich,2,,Wohnung (Miete),,,"Ökostrom (aus erneuerbaren Energien wie Wasser, Sonne, Wind)",Speicherung von Solarstrom,Herausforderungen für die Stabilität der Netze,4,5 = sehr wichtig,4,5 = sehr wichtig,4,3,"Ja, für 3 bis 6 Stunden","Nein, auf keinen Fall","Ja, aber maximal für 3 Stunden","Ja, für 3 bis 6 Stunden","Ja, aber maximal für 3 Stunden","Ja, für 6 bis 12 Stunden","Ja, +",,"Ja, +",,"Ja, +",,"Ja, +",,"Ja, +",,"Ja, +",,Ja,Ja,Über 10.000 CHF,Universität/Master,Grüne Partei der Schweiz (GPS)
118864902528,458224841,05/14/2025 10:45:23 AM,05/14/2025 10:49:58 AM,80.219.138.211,,,,,22,Männlich,3,Wohnung (Eigentum),,,,Weiss nicht,Weiss nicht,Steigende Strompreise für Verbraucher,3,5 = sehr wichtig,2,5 = sehr wichtig,4,3,"Ja, für mehr als 24 Stunden","Ja, für maximal 24 Stunden","Ja, für mehr als 24 Stunden","Ja, für 6 bis 12 Stunden","Ja, für mehr als 24 Stunden","Ja, für mehr als 24 Stunden","Ja, +",8%,Nein,0%,"Ja, +",8%,Nein,0%,Nein,0%,Nein,0%,Ja,Ja,3.000 - 5.000 CHF,Berufsausbildung/Lehre/Maturität,FDP.Die Liberalen (FDP)
118864896513,458224841,05/14/2025 10:32:59 AM,05/14/2025 10:37:44 AM,87.245.71.93,,,,,43,Männlich,2,,,,Haus (Eigentum),Eine Mischung aus konventionellem Strom und Ökostrom,Stabilität der Netze,Herausforderungen für die Stabilität der Netze,2,3,3,3,3,3,"Ja, für maximal 24 Stunden","Ja, aber maximal für 3 Stunden","Ja, aber maximal für 3 Stunden","Nein, auf keinen Fall","Ja, aber maximal für 3 Stunden","Ja, für 3 bis 6 Stunden","Ja, f",0%,Nein,,"Ja, +",20%,Nein,,Nein,,"Ja, +",20%,Ja,Ja,Über 10.000 CHF,Universität/Master,FDP.Die Liberalen (FDP)
118864429794,458224841,05/13/2025 08:08:32 PM,05/13/2025 08:11:16 PM,213.55.240.232,,,,,33,Weiblich,2,,Wohnung (Miete),,,Eine Mischung aus konventionellem Strom und Ökostrom,wn,Keine der genannten Konsequenzen ist problematisch,2,4,3,3,2,3,"Ja, für maximal 24 Stunden","Ja, aber maximal für 3 Stunden","Ja, für 3 bis 6 Stunden","Ja, für 6 bis 12 Stunden","Ja, für maximal 24 Stunden","Ja, für mehr als 24 Stunden","Ja, f",,"Ja, f",,"Ja, f",,"Ja, f",,"Ja, f",,"Ja, f",,Ja,Ja,3.000 - 5.000 CHF,Universität/Master,Sozialdemokratische Partei der Schweiz (SP)
118864377677,458224841,05/13/2025 07:15:26 PM,05/13/2025 07:21:32 PM,213.230.41.2,,,,,39,Männlich,1,,Wohnung (Miete),,,Weiss nicht,wn,Keine der genannten Konsequenzen ist problematisch,1 = sehr unwichtig,2,5 = sehr wichtig,3,1 = sehr unwichtig,1 = sehr unwichtig,"Ja, für mehr als 24 Stunden","Ja, für 3 bis 6 Stunden","Nein, auf keinen Fall","Ja, für maximal 24 Stunden","Ja, für mehr als 24 Stunden","Ja, für mehr als 24 Stunden","Ja, +",20%,Nein,,Nein,,"Ja, +",10%,Nein,,"Ja, f",10%,Ja,Ja,5.001 - 7.000 CHF,Berufsausbildung/Lehre/Maturität,Ich habe keine feste Parteipräferenz
118864359644,458224841,05/13/2025 06:59:40 PM,05/13/2025 07:03:27 PM,51.154.3.154,,,,,40,Männlich,1,Wohnung (Eigentum),,,,Eine Mischung aus konventionellem Strom und Ökostrom,Ja. Sonne stimmt.,Steigende Strompreise für Verbraucher,2,5 = sehr wichtig,5 = sehr wichtig,5 = sehr wichtig,5 = sehr wichtig,5 = sehr wichtig,"Ja, für mehr als 24 Stunden","Ja, für 6 bis 12 Stunden","Ja, für 3 bis 6 Stunden","Nein, auf keinen Fall","Ja, aber maximal für 3 Stunden","Ja, für maximal 24 Stunden","Ja, +",30%,Nein,,Nein,,Nein,,Nein,,Nein,,Ja,Ja,7.001 - 10.000 CHF,Universität/Master,FDP.Die Liberalen (FDP)
118864248189,458224841,05/13/2025 05:07:05 PM,05/13/2025 05:11:53 PM,51.154.37.40,,,,,56,Männlich,3,,Wohnung (Miete),,,Eine Mischung aus konventionellem Strom und Ökostrom,Instabiler zufuhr (z.B. Sonne nur bei sonnigen Wetter),Notwendigkeit kostspieliger Netzinfrastruktur-Upgrades,5 = sehr wichtig,5 = sehr wichtig,5 = sehr wichtig,5 = sehr wichtig,5 = sehr wichtig,5 = sehr wichtig,"Ja, für 6 bis 12 Stunden","Ja, für 3 bis 6 Stunden","Ja, für 3 bis 6 Stunden","Nein, auf keinen Fall","Ja, für maximal 24 Stunden","Ja, für maximal 24 Stunden","Ja, f",,"Ja, +",2%,"Ja, +",2%,Nein,,"Ja, f",,"Ja, f",,Ja,Ja,Über 10.000 CHF,Fachhochschule/Bachelor,FDP.Die Liberalen (FDP)
118864149111,458224841,05/13/2025 03:26:03 PM,05/13/2025 03:32:41 PM,185.12.130.78,,,,,60,Männlich,1,Wohnung (Eigentum),,,,Eine Mischung aus konventionellem Strom und Ökostrom,"VERTEILUNG, SPEICHERUNG, PLANBARKEIT",Herausforderungen für die Stabilität der Netze,2,4,1 = sehr unwichtig,5 = sehr wichtig,2,2,"Ja, für maximal 24 Stunden","Ja, für 6 bis 12 Stunden","Ja, für mehr als 24 Stunden","Ja, aber maximal für 3 Stunden","Ja, für mehr als 24 Stunden","Ja, für mehr als 24 Stunden","Ja, f",,"Ja, +",10%,"Ja, f",,"Ja, +",10%,"Ja, f",,"Ja, f",,Ja,Ja,Unter 3.000 CHF,Berufsausbildung/Lehre/Maturität,Grüne Partei der Schweiz (GPS)
118864023864,458224841,05/13/2025 12:34:58 PM,05/13/2025 12:39:42 PM,31.165.223.187,,,,,34,Weiblich,2,,Wohnung (Miete),,,Eine Mischung aus konventionellem Strom und Ökostrom,wn,Herausforderungen für die Stabilität der Netze,5 = sehr wichtig,5 = sehr wichtig,2,4,5 = sehr wichtig,5 = sehr wichtig,"Ja, für 6 bis 12 Stunden","Ja, aber maximal für 3 Stunden","Nein, auf keinen Fall","Nein, auf keinen Fall","Ja, für maximal 24 Stunden","Ja, für maximal 24 Stunden",,60%,,30%,,100%,,10%,,30%,,50%,Ja,Ja,5.001 - 7.000 CHF,Fachhochschule/Bachelor,Keine Angabe
118864004036,458224841,05/13/2025 11:59:01 AM,05/13/2025 12:04:41 PM,138.248.50.238,,,,,69,Weiblich,2,,,,Haus (Eigentum),Konventionellen Strom (Kernenergie und fossilen Brennstoffen),wn,Notwendigkeit kostspieliger Netzinfrastruktur-Upgrades,4,5 = sehr wichtig,2,3,4,2,"Ja, für mehr als 24 Stunden","Ja, für maximal 24 Stunden","Ja, für mehr als 24 Stunden","Ja, für maximal 24 Stunden","Ja, für maximal 24 Stunden","Ja, für mehr als 24 Stunden","Ja, +",10%,Nein,,"Ja, f",15%,Nein,,"Ja, +",10%,"Ja, f",,Ja,Ja,7.001 - 10.000 CHF,Sekundarschule/Realschule,Schweizerische Volkspartei (SVP)
118863985701,458224841,05/13/2025 11:26:45 AM,05/13/2025 11:31:10 AM,188.63.173.146,,,,,44,Weiblich,2,,,,Haus (Eigentum),Eine Mischung aus konventionellem Strom und Ökostrom,wn,Herausforderungen für die Stabilität der Netze,2,4,3,5 = sehr wichtig,5 = sehr wichtig,5 = sehr wichtig,"Ja, für mehr als 24 Stunden","Ja, für maximal 24 Stunden","Ja, für mehr als 24 Stunden","Ja, für 6 bis 12 Stunden","Ja, für maximal 24 Stunden","Ja, für maximal 24 Stunden","Ja, f",,"Ja, f",,"Ja, f",,"Ja, f",,"Ja, f",,"Ja, f",,Nein,Nein,7.001 - 10.000 CHF,Fachhochschule/Bachelor,Ich habe keine feste Parteipräferenz
118863934625,458224841,05/13/2025 09:53:31 AM,05/13/2025 09:57:08 AM,194.230.160.93,,,,,38,Weiblich,1,,Wohnung (Miete),,,Eine Mischung aus konventionellem Strom und Ökostrom,Stromspeicher um Spitzen in der Energiegewinnung auch nutzen zu können,Keine der genannten Konsequenzen ist problematisch,1 = sehr unwichtig,5 = sehr wichtig,3,5 = sehr wichtig,3,3,"Ja, für mehr als 24 Stunden","Ja, für 3 bis 6 Stunden","Ja, für maximal 24 Stunden","Ja, aber maximal für 3 Stunden","Ja, für 6 bis 12 Stunden","Ja, für mehr als 24 Stunden","Ja, f",0%,Nein,,"Ja, f",0%,"Ja, +",10%,"Ja, +",10%,"Ja, f",5%,Ja,Ja,5.001 - 7.000 CHF,Berufsausbildung/Lehre/Maturität,Sozialdemokratische Partei der Schweiz (SP)
118863922119,458224841,05/13/2025 09:26:20 AM,05/13/2025 09:29:52 AM,77.58.125.206,,,,,22,Männlich,4,,Wohnung (Miete),,,Eine Mischung aus konventionellem Strom und Ökostrom,Energiespeicher,Herausforderungen für die Stabilität der Netze,1 = sehr unwichtig,4,2,5 = sehr wichtig,4,3,"Ja, für mehr als 24 Stunden","Ja, für 6 bis 12 Stunden","Ja, für maximal 24 Stunden","Nein, auf keinen Fall","Ja, für 3 bis 6 Stunden","Ja, für maximal 24 Stunden","Ja, f",5%,"Ja, +",15%,"Ja, +",3%,Nein,,"Ja, +",50%,"Ja, +",10%,Ja,Ja,3.000 - 5.000 CHF,Berufsausbildung/Lehre/Maturität,Ich habe keine feste Parteipräferenz
118863893346,458224841,05/13/2025 08:13:35 AM,05/13/2025 08:15:57 AM,178.197.222.129,,,,,40,Weiblich,2,,Wohnung (Miete),,,Konventionellen Strom (Kernenergie und fossilen Brennstoffen),wn,Steigende Strompreise für Verbraucher,1 = sehr unwichtig,3,1 = sehr unwichtig,5 = sehr wichtig,5 = sehr wichtig,3,"Ja, für mehr als 24 Stunden","Ja, für mehr als 24 Stunden","Ja, für mehr als 24 Stunden","Nein, auf keinen Fall","Ja, für 6 bis 12 Stunden","Ja, für 6 bis 12 Stunden","Ja, +",10%,"Ja, +",9%,"Ja, +",10%,Nein,100%,Nein,51%,"Ja, +",14%,Ja,Ja,Über 10.000 CHF,Promotion oder höher,Keine Angabe
118863891002,458224841,05/13/2025 08:00:05 AM,05/13/2025 08:08:52 AM,213.55.233.176,,,,,29,Weiblich,1,,Wohnung (Miete),,,Weiss nicht,wn,Keine der genannten Konsequenzen ist problematisch,4,5 = sehr wichtig,4,5 = sehr wichtig,5 = sehr wichtig,4,"Ja, für mehr als 24 Stunden","Ja, für mehr als 24 Stunden","Ja, für mehr als 24 Stunden","Ja, aber maximal für 3 Stunden","Ja, für mehr als 24 Stunden","Ja, für mehr als 24 Stunden","Ja, f",2%,"Ja, +",6%,"Ja, +",2%,Nein,,"Ja, +",4%,"Ja, f",2%,Ja,Ja,3.000 - 5.000 CHF,Universität/Master,Grüne Partei der Schweiz (GPS)
118863872491,458224841,05/13/2025 07:10:42 AM,05/13/2025 07:16:35 AM,213.55.242.93,,,,,59,Männlich,2,,Wohnung (Miete),,,Eine Mischung aus konventionellem Strom und Ökostrom,es ist unzuverlässiger,Herausforderungen für die Stabilität der Netze,5 = sehr wichtig,5 = sehr wichtig,3,5 = sehr wichtig,4,3,"Ja, für mehr als 24 Stunden","Ja, aber maximal für 3 Stunden","Ja, für 6 bis 12 Stunden","Nein, auf keinen Fall","Ja, für mehr als 24 Stunden","Ja, für mehr als 24 Stunden",Nein,,Nein,,,20%,Nein,,Nein,,Nein,,Ja,Ja,Über 10.000 CHF,Universität/Master,Ich habe keine feste Parteipräferenz
118863862058,458224841,05/13/2025 06:39:12 AM,05/13/2025 06:42:29 AM,83.79.4.219,,,,,52,Männlich,2,,Wohnung (Miete),,,"Ökostrom (aus erneuerbaren Energien wie Wasser, Sonne, Wind)","ja, weil die eingespeiste Strommenge variiert",Herausforderungen für die Stabilität der Netze,3,5 = sehr wichtig,4,4,4,4,"Ja, für mehr als 24 Stunden","Ja, für 6 bis 12 Stunden","Ja, für 6 bis 12 Stunden","Ja, für mehr als 24 Stunden","Ja, für mehr als 24 Stunden","Ja, für mehr als 24 Stunden","Ja, +",10%,Nein,,Nein,,"Ja, f",10%,Nein,,"Ja, f",20%,Nein,Ja,Über 10.000 CHF,Fachhochschule/Bachelor,Ich habe keine feste Parteipräferenz
118863784974,458224841,05/13/2025 02:58:20 AM,05/13/2025 03:01:29 AM,188.61.199.185,,,,,24,Weiblich,5,,,,Haus (Eigentum),Konventionellen Strom (Kernenergie und fossilen Brennstoffen),"Kosten, Planung",Notwendigkeit kostspieliger Netzinfrastruktur-Upgrades,3,4,4,5 = sehr wichtig,3,3,"Ja, für maximal 24 Stunden","Ja, für 6 bis 12 Stunden","Ja, für maximal 24 Stunden","Ja, für 6 bis 12 Stunden","Ja, für mehr als 24 Stunden","Ja, für mehr als 24 Stunden","Ja, +",20%,Nein,,"Ja, f",,"Ja, +",40%,"Ja, f",,"Ja, f",,Ja,Ja,5.001 - 7.000 CHF,Berufsausbildung/Lehre/Maturität,Grünliberale Partei (GLP)
118863593040,458224841,05/12/2025 09:47:10 PM,05/12/2025 09:52:45 PM,46.126.120.168,,,,,54,Weiblich,5,,Wohnung (Miete),,,Eine Mischung aus konventionellem Strom und Ökostrom,Wn,Steigende Strompreise für Verbraucher,5 = sehr wichtig,5 = sehr wichtig,5 = sehr wichtig,5 = sehr wichtig,5 = sehr wichtig,5 = sehr wichtig,"Ja, für mehr als 24 Stunden","Ja, für 6 bis 12 Stunden","Ja, für mehr als 24 Stunden","Ja, für 3 bis 6 Stunden","Ja, für maximal 24 Stunden","Ja, für mehr als 24 Stunden","Ja, +",50%,Nein,0%,"Ja, f",50%,"Ja, +",50%,Nein,0%,"Ja, +",50%,Ja,Ja,7.001 - 10.000 CHF,Universität/Master,Die Mitte
118863567511,458224841,05/12/2025 09:20:32 PM,05/12/2025 09:24:41 PM,178.22.111.171,,,,,29,Weiblich,1,,Wohnung (Miete),,,Eine Mischung aus konventionellem Strom und Ökostrom,"Konzepte müssen besser durchdacht und aufeinander abgestimmt werden. Ich kann mir vorstellen, dass die Energiemenge zu Spitzenzeiten schwieriger zu bewältigen ist als mit konventionellen Stromquellen.",Steigende Strompreise für Verbraucher,3,5 = sehr wichtig,4,4,5 = sehr wichtig,5 = sehr wichtig,"Ja, für mehr als 24 Stunden","Nein, auf keinen Fall","Nein, auf keinen Fall","Nein, auf keinen Fall","Nein, auf keinen Fall","Nein, auf keinen Fall","Ja, f",,Nein,,Nein,,"Ja, +",20%,"Ja, +",40%,Nein,,Nein,Ja,3.000 - 5.000 CHF,Universität/Master,FDP.Die Liberalen (FDP)
118863548745,458224841,05/12/2025 09:00:50 PM,05/12/2025 09:03:30 PM,84.74.242.99,,,,,46,Weiblich,1,,Wohnung (Miete),,,Eine Mischung aus konventionellem Strom und Ökostrom,Wn,Herausforderungen für die Stabilität der Netze,4,4,3,2,3,2,"Ja, für maximal 24 Stunden","Nein, auf keinen Fall","Ja, für maximal 24 Stunden","Ja, für mehr als 24 Stunden","Ja, für maximal 24 Stunden","Ja, für mehr als 24 Stunden","Ja, +",2%,Nein,,"Ja, +",3%,"Ja, f",1%,"Ja, +",5%,"Ja, f",1%,Ja,Ja,5.001 - 7.000 CHF,Universität/Master,Andere Partei
118863432342,458224841,05/12/2025 06:56:10 PM,05/12/2025 06:58:57 PM,193.5.235.126,,,,,23,Weiblich,4,,Wohnung (Miete),,,Konventionellen Strom (Kernenergie und fossilen Brennstoffen),wn,Steigende Strompreise für Verbraucher,3,4,2,4,4,3,"Ja, für maximal 24 Stunden","Ja, für 6 bis 12 Stunden","Ja, für maximal 24 Stunden","Ja, für 3 bis 6 Stunden","Ja, für mehr als 24 Stunden","Ja, für mehr als 24 Stunden","Ja, f",,"Ja, f",,"Ja, f",,Nein,,"Ja, f",,"Ja, f",,Ja,Ja,7.001 - 10.000 CHF,Berufsausbildung/Lehre/Maturität,Grünliberale Partei (GLP)
118863395010,458224841,05/12/2025 06:11:23 PM,05/12/2025 06:18:31 PM,83.78.114.65,,,,,48,Weiblich,3,,,,Haus (Eigentum),Konventionellen Strom (Kernenergie und fossilen Brennstoffen),wn,Steigende Strompreise für Verbraucher,4,5 = sehr wichtig,4,5 = sehr wichtig,5 = sehr wichtig,5 = sehr wichtig,"Ja, für mehr als 24 Stunden","Ja, für maximal 24 Stunden","Ja, für mehr als 24 Stunden","Nein, auf keinen Fall","Ja, für mehr als 24 Stunden","Ja, für mehr als 24 Stunden","Ja, +",10%,Nein,,"Ja, +",20%,Nein,,Nein,,Nein,,Ja,Ja,Über 10.000 CHF,Universität/Master,Andere Partei
118863368596,458224841,05/12/2025 05:48:28 PM,05/12/2025 05:51:24 PM,82.136.116.172,,,,,20,Männlich,4,,Wohnung (Miete),,,Eine Mischung aus konventionellem Strom und Ökostrom,"Ja, wie wir dies zum Beispiel in Spanien gesehen haben. Man muss genau prüfen, wie stabil das Netzwerk sei.",Herausforderungen für die Stabilität der Netze,2,3,2,2,3,4,"Ja, für mehr als 24 Stunden","Ja, für 3 bis 6 Stunden","Ja, für mehr als 24 Stunden","Ja, für 6 bis 12 Stunden","Ja, für maximal 24 Stunden","Ja, für mehr als 24 Stunden","Ja, +",50%,Nein,,"Ja, f",0%,Nein,,Nein,,Nein,,Ja,Ja,Über 10.000 CHF,Berufsausbildung/Lehre/Maturität,FDP.Die Liberalen (FDP)
118863364986,458224841,05/12/2025 05:41:05 PM,05/12/2025 05:47:34 PM,188.62.211.64,,,,,19,Weiblich,3,Wohnung (Eigentum),,,,Eine Mischung aus konventionellem Strom und Ökostrom,Ja teillweise da die erzeugeung von vielen arten von erneuerbare Energie viel Platz aufnehmen (z.B. Solarplatten oder Windmühlen).,Notwendigkeit kostspieliger Netzinfrastruktur-Upgrades,2,4,2,3,4,3,"Ja, für maximal 24 Stunden","Ja, aber maximal für 3 Stunden","Ja, für mehr als 24 Stunden","Ja, aber maximal für 3 Stunden","Ja, für 6 bis 12 Stunden","Ja, für mehr als 24 Stunden","Ja, f",,"Ja, +",25%,"Ja, f",,"Ja, +",10%,"Ja, +",20%,"Ja, +",5%,Ja,Ja,7.001 - 10.000 CHF,Berufsausbildung/Lehre/Maturität,Ich habe keine feste Parteipräferenz
118863351926,458224841,05/12/2025 05:30:59 PM,05/12/2025 05:33:16 PM,82.197.179.115,,,,,32,Männlich,3,,Wohnung (Miete),,,Eine Mischung aus konventionellem Strom und Ökostrom,Weiss ich nicht,Keine der genannten Konsequenzen ist problematisch,5 = sehr wichtig,5 = sehr wichtig,5 = sehr wichtig,5 = sehr wichtig,5 = sehr wichtig,5 = sehr wichtig,"Nein, auf keinen Fall","Nein, auf keinen Fall","Nein, auf keinen Fall","Nein, auf keinen Fall","Nein, auf keinen Fall","Nein, auf keinen Fall",Nein,,Nein,,Nein,,Nein,,Nein,,Nein,,Ja,Ja,Über 10.000 CHF,Universität/Master,Ich habe keine feste Parteipräferenz
118863342592,458224841,05/12/2025 05:17:19 PM,05/12/2025 05:22:31 PM,194.230.147.33,,,,,23,Weiblich,4,,Wohnung (Miete),,,Weiss nicht,wn,Steigende Strompreise für Verbraucher,4,3,4,5 = sehr wichtig,5 = sehr wichtig,5 = sehr wichtig,"Ja, für mehr als 24 Stunden","Ja, für 3 bis 6 Stunden","Ja, für maximal 24 Stunden","Ja, aber maximal für 3 Stunden","Ja, für mehr als 24 Stunden","Ja, für mehr als 24 Stunden","Ja, f",,"Ja, +",30%,"Ja, f",,"Ja, +",30%,"Ja, f",,"Ja, f",,Ja,Ja,5.001 - 7.000 CHF,Fachhochschule/Bachelor,Sozialdemokratische Partei der Schweiz (SP)
118863331096,458224841,05/12/2025 05:05:04 PM,05/12/2025 05:09:42 PM,85.0.110.64,,,,,24,Männlich,4,,Wohnung (Miete),,,Konventionellen Strom (Kernenergie und fossilen Brennstoffen),wn,Herausforderungen für die Stabilität der Netze,2,5 = sehr wichtig,5 = sehr wichtig,2,3,3,"Ja, für mehr als 24 Stunden","Ja, für 6 bis 12 Stunden","Ja, für 6 bis 12 Stunden","Ja, für mehr als 24 Stunden","Ja, für mehr als 24 Stunden","Ja, für mehr als 24 Stunden","Ja, f",25%,Nein,0%,Nein,0%,"Ja, f",20%,"Ja, +",50%,"Ja, +",20%,Ja,Nein,5.001 - 7.000 CHF,Sekundarschule/Realschule,Sozialdemokratische Partei der Schweiz (SP)
118863327593,458224841,05/12/2025 04:58:29 PM,05/12/2025 05:06:03 PM,81.221.233.74,,,,,63,Männlich,1,,Wohnung (Miete),,,"Ökostrom (aus erneuerbaren Energien wie Wasser, Sonne, Wind)",Energieschwankungen (Band-/Spitzenenergie im Winter/Sommer),Herausforderungen für die Stabilität der Netze,1 = sehr unwichtig,5 = sehr wichtig,5 = sehr wichtig,5 = sehr wichtig,1 = sehr unwichtig,3,"Ja, für 6 bis 12 Stunden","Ja, aber maximal für 3 Stunden","Ja, aber maximal für 3 Stunden","Nein, auf keinen Fall","Ja, für mehr als 24 Stunden","Ja, für maximal 24 Stunden",Nein,,Nein,,Nein,,Nein,,Nein,,Nein,,Ja,Ja,3.000 - 5.000 CHF,Fachhochschule/Bachelor,Ich habe keine feste Parteipräferenz
118863326262,458224841,05/12/2025 05:01:01 PM,05/12/2025 05:04:39 PM,82.136.104.102,,,,,75,Männlich,2,,Wohnung (Miete),,,Eine Mischung aus konventionellem Strom und Ökostrom,Strom speichern,Notwendigkeit kostspieliger Netzinfrastruktur-Upgrades,1 = sehr unwichtig,2,5 = sehr wichtig,5 = sehr wichtig,3,2,"Ja, für mehr als 24 Stunden","Ja, für mehr als 24 Stunden","Ja, für 6 bis 12 Stunden","Ja, für 3 bis 6 Stunden","Ja, für mehr als 24 Stunden","Ja, für mehr als 24 Stunden","Ja, f",10%,"Ja, +",20%,Nein,,Nein,,"Ja, +",10%,"Ja, f",0%,Ja,Ja,7.001 - 10.000 CHF,Universität/Master,Schweizerische Volkspartei (SVP)
118863321869,458224841,05/12/2025 04:52:59 PM,05/12/2025 05:00:03 PM,194.230.147.3,,,,,23,Weiblich,4,,,Haus (Miete),,Eine Mischung aus konventionellem Strom und Ökostrom,Vollständige Umsetzung nimmt viel Zeit in Anspruch,Herausforderungen für die Stabilität der Netze,5 = sehr wichtig,5 = sehr wichtig,5 = sehr wichtig,5 = sehr wichtig,5 = sehr wichtig,5 = sehr wichtig,"Ja, aber maximal für 3 Stunden","Ja, aber maximal für 3 Stunden","Nein, auf keinen Fall","Nein, auf keinen Fall",,"Nein, auf keinen Fall","Ja, +",20%,"Ja, +",20%,"Ja, +",20%,"Ja, +",20%,"Ja, +",20%,"Ja, +",20%,Ja,Ja,Unter 3.000 CHF,Berufsausbildung/Lehre/Maturität,Keine Angabe
118863315318,458224841,05/12/2025 04:43:22 PM,05/12/2025 04:52:41 PM,89.206.81.161,,,,,27,Männlich,2,,Wohnung (Miete),,,"Ökostrom (aus erneuerbaren Energien wie Wasser, Sonne, Wind)",Stabilität der Elektrizitätsversorgung,Herausforderungen für die Stabilität der Netze,2,5 = sehr wichtig,2,4,5 = sehr wichtig,2,"Ja, für mehr als 24 Stunden","Ja, für 3 bis 6 Stunden","Ja, für 6 bis 12 Stunden","Ja, für 3 bis 6 Stunden","Ja, für 6 bis 12 Stunden","Ja, für mehr als 24 Stunden","Ja, f",1%,Nein,,"Ja, f",0%,Nein,,Nein,,"Ja, f",1%,Ja,Ja,Über 10.000 CHF,Universität/Master,FDP.Die Liberalen (FDP)
118752452689,458224841,11/28/2024 11:35:35 AM,11/28/2024 11:41:36 AM,147.88.200.45,,,,,66,Männlich,2,,Wohnung (Miete),,,Weiss nicht,"Netzstabilität und Stromverfügbarkeit, da es noch keine grossen Stromspeicherkapazitäten gibt. Abgesehen von Pumpspeicherwerken.",Herausforderungen für die Stabilität der Netze,2,5 = sehr wichtig,4,5 = sehr wichtig,3,2,"Ja, für 6 bis 12 Stunden","Nein, auf keinen Fall","Ja, aber maximal für 3 Stunden","Nein, auf keinen Fall","Ja, für 6 bis 12 Stunden","Ja, für 6 bis 12 Stunden","Ja, f",15%,Nein,,"Ja, +",,Nein,,"Ja, +",15%,"Ja, f",,Ja,Ja,Keine Angabe,Universität/Master,Sozialdemokratische Partei der Schweiz (SP)
118745041241,458224841,11/19/2024 07:15:53 AM,11/19/2024 07:35:41 AM,80.187.102.183,,,,,26,Weiblich,über 6,,Wohnung (Miete),,,"Ökostrom (aus erneuerbaren Energien wie Wasser, Sonne, Wind)","Stromverteilung bspw., weil für den Ausbau des Netzes auf erneuerbare Energien teilweise neue Leitungen gelegt werden müssen und sich dabei diverse Menschen insbesondere quer stellen können. Zudem: Sicherheit der Technologien und Menschen (Politiker & Geldgeber), die den kurzfristigen Profit über den Schutz unserer Lebensgrundlage stellen (Stichwort: Klimawandel ",Steigende Strompreise für Verbraucher,2,3,4,5 = sehr wichtig,3,1 = sehr unwichtig,"Ja, für mehr als 24 Stunden","Ja, für maximal 24 Stunden","Ja, für mehr als 24 Stunden","Ja, für mehr als 24 Stunden","Ja, für mehr als 24 Stunden","Ja, für mehr als 24 Stunden","Ja, f",30%,Nein,,"Ja, +",58%,Nein,,Nein,,"Ja, +",1%,Ja,Nein,Unter 3.000 CHF,Fachhochschule/Bachelor,Keine Angabe
118745035969,458224841,11/19/2024 07:17:24 AM,11/19/2024 07:22:12 AM,213.55.184.37,,,,,64,Männlich,1,Wohnung (Eigentum),,,,"Ökostrom (aus erneuerbaren Energien wie Wasser, Sonne, Wind)",Ja,Herausforderungen für die Stabilität der Netze,1 = sehr unwichtig,3,3,5 = sehr wichtig,5 = sehr wichtig,2,"Ja, für mehr als 24 Stunden","Ja, für 6 bis 12 Stunden","Ja, für mehr als 24 Stunden","Ja, für maximal 24 Stunden","Ja, für mehr als 24 Stunden","Ja, für mehr als 24 Stunden",,10%,,10%,,10%,,10%,,10%,,10%,Ja,Ja,3.000 - 5.000 CHF,Sekundarschule/Realschule,Die Mitte
118745035159,458224841,11/19/2024 07:14:42 AM,11/19/2024 07:20:09 AM,178.197.223.87,,,,,53,Männlich,2,,Wohnung (Miete),,,Eine Mischung aus konventionellem Strom und Ökostrom,"Volatilität, Versorgungssicherheit ",Herausforderungen für die Stabilität der Netze,1 = sehr unwichtig,5 = sehr wichtig,3,5 = sehr wichtig,5 = sehr wichtig,3,"Ja, für 3 bis 6 Stunden","Nein, auf keinen Fall","Nein, auf keinen Fall","Nein, auf keinen Fall","Ja, für 3 bis 6 Stunden","Ja, für 3 bis 6 Stunden","Ja, f",,Nein,,Nein,,Nein,,"Ja, +",20%,"Ja, +",20%,Ja,Ja,7.001 - 10.000 CHF,Fachhochschule/Bachelor,Keine Angabe
118728905344,458224841,10/29/2024 06:38:26 PM,10/30/2024 04:30:45 PM,194.230.144.149,,,,,31,Weiblich,2,,Wohnung (Miete),,,Weiss nicht,"ja, dezentralisierung, speicherung ",Keine der genannten Konsequenzen ist problematisch,4,2,1 = sehr unwichtig,3,3,1 = sehr unwichtig,"Ja, für mehr als 24 Stunden","Ja, für 3 bis 6 Stunden","Ja, für mehr als 24 Stunden","Ja, aber maximal für 3 Stunden","Ja, für mehr als 24 Stunden","Ja, für mehr als 24 Stunden","Ja, f",0%,"Ja, f",,"Ja, f",,Nein,,"Ja, f",,"Ja, +",,Ja,Ja,Über 10.000 CHF,Universität/Master,Ich habe keine feste Parteipräferenz
118728041541,458224841,10/29/2024 07:19:14 PM,10/29/2024 07:24:24 PM,178.197.214.203,,,,,29,Männlich,1,,Wohnung (Miete),,,Konventionellen Strom (Kernenergie und fossilen Brennstoffen),Ja die unterschiedliche Stromproduktion (Wetter unf Tageszeit),Steigende Strompreise für Verbraucher,2,4,5 = sehr wichtig,5 = sehr wichtig,3,3,"Ja, für mehr als 24 Stunden","Ja, für 6 bis 12 Stunden","Nein, auf keinen Fall","Nein, auf keinen Fall","Ja, für mehr als 24 Stunden","Ja, für mehr als 24 Stunden",Nein,,Nein,,Nein,,Nein,,Nein,,Nein,,Ja,Ja,Über 10.000 CHF,Fachhochschule/Bachelor,FDP.Die Liberalen (FDP)
118725909916,458224841,10/26/2024 03:53:22 PM,10/26/2024 04:02:30 PM,89.248.157.54,,,,,58,Weiblich,2,Wohnung (Eigentum),,,,Weiss nicht,Nein,Keine der genannten Konsequenzen ist problematisch,4,2,3,4,4,3,"Ja, für 3 bis 6 Stunden","Ja, aber maximal für 3 Stunden","Nein, auf keinen Fall","Ja, für 6 bis 12 Stunden","Nein, auf keinen Fall","Ja, aber maximal für 3 Stunden","Ja, f",,"Ja, f",,"Ja, +",,"Ja, +",,"Ja, f",,"Ja, f",,Ja,Nein,5.001 - 7.000 CHF,Sekundarschule/Realschule,Schweizerische Volkspartei (SVP)
118725489712,458224841,10/25/2024 07:44:41 PM,10/25/2024 08:13:27 PM,165.225.95.36,,,,,32,Männlich,2,,Wohnung (Miete),,,Eine Mischung aus konventionellem Strom und Ökostrom,Reserven,Keine der genannten Konsequenzen ist problematisch,3,4,4,5 = sehr wichtig,4,3,"Ja, für mehr als 24 Stunden","Ja, für 3 bis 6 Stunden","Ja, aber maximal für 3 Stunden","Nein, auf keinen Fall","Ja, für mehr als 24 Stunden","Ja, für mehr als 24 Stunden","Ja, +",10%,Nein,,Nein,,Nein,,Nein,,Nein,,Ja,Ja,Über 10.000 CHF,Fachhochschule/Bachelor,Sozialdemokratische Partei der Schweiz (SP)
118725204330,458224841,10/25/2024 02:30:27 PM,10/25/2024 02:36:09 PM,213.159.153.123,,,,,30,Männlich,3,,,,Haus (Eigentum),Konventionellen Strom (Kernenergie und fossilen Brennstoffen),Schwankungen der verfügbaren Strommenge,Herausforderungen für die Stabilität der Netze,1 = sehr unwichtig,5 = sehr wichtig,5 = sehr wichtig,5 = sehr wichtig,1 = sehr unwichtig,1 = sehr unwichtig,"Ja, für mehr als 24 Stunden","Ja, aber maximal für 3 Stunden","Nein, auf keinen Fall","Nein, auf keinen Fall","Ja, für mehr als 24 Stunden","Ja, für mehr als 24 Stunden","Ja, +",20%,"Ja, +",40%,Nein,,Nein,,"Ja, +",20%,"Ja, +",10%,Ja,Nein,Über 10.000 CHF,Berufsausbildung/Lehre/Maturität,Grünliberale Partei (GLP)
118725167746,458224841,10/25/2024 01:27:09 PM,10/25/2024 01:32:06 PM,194.230.161.192,,,,,30,Weiblich,3,,,Haus (Miete),,Konventionellen Strom (Kernenergie und fossilen Brennstoffen),evtl zu wenig für alle,Notwendigkeit kostspieliger Netzinfrastruktur-Upgrades,4,3,2,2,3,1 = sehr unwichtig,"Ja, für mehr als 24 Stunden","Ja, für maximal 24 Stunden","Ja, für mehr als 24 Stunden","Ja, für mehr als 24 Stunden","Ja, für mehr als 24 Stunden","Ja, für mehr als 24 Stunden","Ja, +",,"Ja, +",,"Ja, f",,"Ja, f",,Nein,,"Ja, f",,Ja,Ja,7.001 - 10.000 CHF,Fachhochschule/Bachelor,Grüne Partei der Schweiz (GPS)
118725152865,458224841,10/25/2024 12:58:59 PM,10/25/2024 01:03:11 PM,178.197.215.139,,,,,47,Männlich,3,,,,Haus (Eigentum),"Ökostrom (aus erneuerbaren Energien wie Wasser, Sonne, Wind)",Unregelmäßige Lastenverteilung ,Herausforderungen für die Stabilität der Netze,3,4,2,4,3,3,"Ja, für 6 bis 12 Stunden","Ja, aber maximal für 3 Stunden","Ja, für maximal 24 Stunden","Nein, auf keinen Fall","Ja, für maximal 24 Stunden","Ja, für maximal 24 Stunden",Nein,,Nein,,Nein,,Nein,,Nein,,Nein,,Ja,Ja,Über 10.000 CHF,Promotion oder höher,Die Mitte
118725110569,458224841,10/25/2024 11:21:04 AM,10/25/2024 11:30:07 AM,152.96.31.150,,,,,33,Männlich,1,,Wohnung (Miete),,,"Ökostrom (aus erneuerbaren Energien wie Wasser, Sonne, Wind)","Netzstabilität, bedarfsgerechte Erzeugung",Herausforderungen für die Stabilität der Netze,1 = sehr unwichtig,5 = sehr wichtig,5 = sehr wichtig,5 = sehr wichtig,2,5 = sehr wichtig,"Ja, für 6 bis 12 Stunden","Nein, auf keinen Fall","Nein, auf keinen Fall","Nein, auf keinen Fall","Ja, für maximal 24 Stunden","Nein, auf keinen Fall","Ja, f",,Nein,,"Ja, +",,Nein,50%,"Ja, +",40%,"Ja, +",25%,Ja,Ja,5.001 - 7.000 CHF,Universität/Master,Grüne Partei der Schweiz (GPS)
118723447559,458224841,10/23/2024 03:12:49 PM,10/23/2024 03:22:51 PM,89.217.149.118,,,,,63,Weiblich,1,,Wohnung (Miete),,,Konventionellen Strom (Kernenergie und fossilen Brennstoffen),"Die Schwierigkeit, dass es auch Umweltfreundlich ist.",Steigende Strompreise für Verbraucher,1 = sehr unwichtig,4,3,3,3,2,"Ja, für mehr als 24 Stunden","Ja, für mehr als 24 Stunden","Ja, für mehr als 24 Stunden","Ja, für maximal 24 Stunden","Ja, für mehr als 24 Stunden","Ja, für mehr als 24 Stunden",,0%,"Ja, +",,,1%,"Ja, f",,,1%,,1%,Ja,Ja,Unter 3.000 CHF,Berufsausbildung/Lehre/Maturität,Sozialdemokratische Partei der Schweiz (SP)
118723237756,458224841,10/23/2024 09:22:47 AM,10/23/2024 09:28:29 AM,89.217.210.249,,,,,40,Weiblich,4,,Wohnung (Miete),,,Konventionellen Strom (Kernenergie und fossilen Brennstoffen),Nein,Steigende Strompreise für Verbraucher,4,5 = sehr wichtig,4,4,5 = sehr wichtig,4,"Nein, auf keinen Fall","Nein, auf keinen Fall","Ja, aber maximal für 3 Stunden","Ja, aber maximal für 3 Stunden","Nein, auf keinen Fall","Ja, aber maximal für 3 Stunden","Ja, f",,"Ja, f",,"Ja, f",,"Ja, f",,"Ja, f",,"Ja, f",,Ja,Ja,5.001 - 7.000 CHF,Sekundarschule/Realschule,Keine Angabe
118722584838,458224841,10/22/2024 05:38:25 PM,10/22/2024 05:49:19 PM,128.116.182.39,,,,,63,Weiblich,2,,,,Haus (Eigentum),Eine Mischung aus konventionellem Strom und Ökostrom,Weiss nicht ,Herausforderungen für die Stabilität der Netze,2,5 = sehr wichtig,3,4,2,2,"Ja, für maximal 24 Stunden","Ja, für 6 bis 12 Stunden","Ja, für 6 bis 12 Stunden","Ja, für 3 bis 6 Stunden","Ja, für maximal 24 Stunden","Ja, für mehr als 24 Stunden","Ja, f",,"Ja, +",,"Ja, f",,"Ja, f",,"Ja, f",,"Ja, f",,Ja,Ja,3.000 - 5.000 CHF,Berufsausbildung/Lehre/Maturität,Sozialdemokratische Partei der Schweiz (SP)
118722351539,458224841,10/22/2024 01:02:20 PM,10/22/2024 01:48:23 PM,88.84.12.53,,,,,69,Männlich,2,,,,Haus (Eigentum),Eine Mischung aus konventionellem Strom und Ökostrom,"Ja, inteligente stromzähler",Notwendigkeit kostspieliger Netzinfrastruktur-Upgrades,1 = sehr unwichtig,5 = sehr wichtig,5 = sehr wichtig,5 = sehr wichtig,2,2,"Ja, für maximal 24 Stunden","Ja, aber maximal für 3 Stunden","Nein, auf keinen Fall","Nein, auf keinen Fall","Ja, für maximal 24 Stunden","Ja, für maximal 24 Stunden","Ja, +",5%,"Ja, +",5%,Nein,,Nein,,"Ja, +",5%,"Ja, +",5%,Ja,Ja,7.001 - 10.000 CHF,Fachhochschule/Bachelor,Ich habe keine feste Parteipräferenz
118721763559,458224841,10/21/2024 10:08:38 PM,10/21/2024 10:14:15 PM,31.164.247.57,,,,,62,Weiblich,3,,Wohnung (Miete),,,Weiss nicht,Ich weiss nicht,Herausforderungen für die Stabilität der Netze,1 = sehr unwichtig,2,4,1 = sehr unwichtig,5 = sehr wichtig,4,"Ja, für mehr als 24 Stunden","Ja, für mehr als 24 Stunden","Ja, für mehr als 24 Stunden","Ja, für mehr als 24 Stunden","Ja, aber maximal für 3 Stunden","Ja, für maximal 24 Stunden","Ja, f",,Nein,,"Ja, f",,"Ja, f",,Nein,,Nein,,Ja,Nein,Unter 3.000 CHF,Berufsausbildung/Lehre/Maturität,Keine Angabe
118721723631,458224841,10/21/2024 09:28:43 PM,10/21/2024 09:33:53 PM,178.197.214.88,,,,,27,Männlich,1,,Wohnung (Miete),,,Konventionellen Strom (Kernenergie und fossilen Brennstoffen),Wn,Notwendigkeit kostspieliger Netzinfrastruktur-Upgrades,1 = sehr unwichtig,5 = sehr wichtig,2,1 = sehr unwichtig,5 = sehr wichtig,5 = sehr wichtig,"Ja, für mehr als 24 Stunden","Ja, für maximal 24 Stunden","Ja, für mehr als 24 Stunden","Ja, für mehr als 24 Stunden","Ja, für mehr als 24 Stunden","Ja, für mehr als 24 Stunden",Nein,,"Ja, +",100%,Nein,,Nein,,"Ja, +",100%,"Ja, +",100%,Nein,Ja,3.000 - 5.000 CHF,Berufsausbildung/Lehre/Maturität,Schweizerische Volkspartei (SVP)
118721622091,458224841,10/21/2024 07:48:02 PM,10/21/2024 07:56:07 PM,178.38.13.108,,,,,66,Weiblich,3,,Wohnung (Miete),,,Weiss nicht,Weiss nicht,Steigende Strompreise für Verbraucher,3,5 = sehr wichtig,5 = sehr wichtig,3,5 = sehr wichtig,5 = sehr wichtig,"Ja, für mehr als 24 Stunden","Ja, für maximal 24 Stunden","Ja, für 6 bis 12 Stunden","Ja, für mehr als 24 Stunden","Ja, für 6 bis 12 Stunden","Ja, für 6 bis 12 Stunden","Ja, f",,Nein,,Nein,,"Ja, f",,Nein,,Nein,,Ja,Ja,3.000 - 5.000 CHF,Berufsausbildung/Lehre/Maturität,Sozialdemokratische Partei der Schweiz (SP)
118721620651,458224841,10/20/2024 06:15:33 PM,10/21/2024 07:54:30 PM,85.6.186.159,,,,,70,Männlich,3,,,,Haus (Eigentum),"Ökostrom (aus erneuerbaren Energien wie Wasser, Sonne, Wind)","Grosser Bedarf, wenn geringes Angebot da ist (Winter)",Herausforderungen für die Stabilität der Netze,1 = sehr unwichtig,5 = sehr wichtig,4,4,2,3,"Ja, für 6 bis 12 Stunden","Nein, auf keinen Fall","Ja, aber maximal für 3 Stunden","Ja, aber maximal für 3 Stunden","Ja, für 6 bis 12 Stunden","Ja, aber maximal für 3 Stunden","Ja, f",10%,Nein,,"Ja, f",10%,"Ja, f",10%,"Ja, f",10%,"Ja, f",10%,Ja,Ja,5.001 - 7.000 CHF,Fachhochschule/Bachelor,Sozialdemokratische Partei der Schweiz (SP)
118721595224,458224841,10/21/2024 07:11:45 PM,10/21/2024 07:26:54 PM,46.126.0.251,,,,,57,Weiblich,1,,Wohnung (Miete),,,Konventionellen Strom (Kernenergie und fossilen Brennstoffen),Weiss nicht,Steigende Strompreise für Verbraucher,1 = sehr unwichtig,5 = sehr wichtig,5 = sehr wichtig,5 = sehr wichtig,1 = sehr unwichtig,5 = sehr wichtig,"Ja, für mehr als 24 Stunden","Nein, auf keinen Fall","Nein, auf keinen Fall","Nein, auf keinen Fall","Ja, für mehr als 24 Stunden","Ja, für mehr als 24 Stunden","Ja, +",,Nein,,Nein,,Nein,,"Ja, +",,"Ja, +",,Ja,Nein,Unter 3.000 CHF,Keine Schulbildung,Keine Angabe
118721556715,458224841,10/21/2024 06:40:01 PM,10/21/2024 06:46:20 PM,31.10.158.171,,,,,60,Weiblich,2,,,,Haus (Eigentum),Konventionellen Strom (Kernenergie und fossilen Brennstoffen),wn,Steigende Strompreise für Verbraucher,3,5 = sehr wichtig,2,3,5 = sehr wichtig,4,"Ja, für maximal 24 Stunden","Ja, für 3 bis 6 Stunden","Ja, für mehr als 24 Stunden","Ja, für maximal 24 Stunden","Ja, für mehr als 24 Stunden","Ja, für mehr als 24 Stunden",,,,,,,,,,,,,Ja,Nein,Unter 3.000 CHF,Berufsausbildung/Lehre/Maturität,Keine Angabe
118721543449,458224841,10/21/2024 06:26:08 PM,10/21/2024 06:32:15 PM,213.55.242.198,,,,,30,Weiblich,2,,Wohnung (Miete),,,"Ökostrom (aus erneuerbaren Energien wie Wasser, Sonne, Wind)","Ja. Nämlich überhaupt den Strombedarf zu decken sehe ich ohne Kernenergie als Herausforderung. Der Einfluss von Staudämmen, Wasserkraftweken, Windräder etc. ist leider im Vergleich zu AKW nur marginal.",Steigende Strompreise für Verbraucher,3,4,3,4,5 = sehr wichtig,3,"Ja, für mehr als 24 Stunden","Ja, für 6 bis 12 Stunden","Ja, für mehr als 24 Stunden","Ja, für 6 bis 12 Stunden","Ja, aber maximal für 3 Stunden","Ja, für mehr als 24 Stunden",Nein,,Nein,,Nein,,Nein,,Nein,,Nein,,Nein,Nein,7.001 - 10.000 CHF,Fachhochschule/Bachelor,Schweizerische Volkspartei (SVP)
118721499184,458224841,10/21/2024 05:43:15 PM,10/21/2024 05:48:42 PM,84.227.6.73,,,,,28,Weiblich,3,,Wohnung (Miete),,,Weiss nicht,Wn,Keine der genannten Konsequenzen ist problematisch,4,5 = sehr wichtig,5 = sehr wichtig,4,5 = sehr wichtig,5 = sehr wichtig,"Ja, aber maximal für 3 Stunden","Ja, aber maximal für 3 Stunden","Ja, aber maximal für 3 Stunden","Ja, für 6 bis 12 Stunden","Ja, für 3 bis 6 Stunden","Ja, für 3 bis 6 Stunden","Ja, f",,"Ja, f",,"Ja, f",,"Ja, f",,"Ja, f",,"Ja, f",,Ja,Ja,3.000 - 5.000 CHF,Berufsausbildung/Lehre/Maturität,Keine Angabe
118721456430,458224841,10/21/2024 05:04:43 PM,10/21/2024 05:08:06 PM,213.159.156.69,,,,,49,Weiblich,4,,Wohnung (Miete),,,Eine Mischung aus konventionellem Strom und Ökostrom,Wn,Steigende Strompreise für Verbraucher,2,5 = sehr wichtig,5 = sehr wichtig,5 = sehr wichtig,5 = sehr wichtig,5 = sehr wichtig,"Ja, für mehr als 24 Stunden","Nein, auf keinen Fall","Ja, für 3 bis 6 Stunden","Ja, für 3 bis 6 Stunden","Ja, für 3 bis 6 Stunden","Ja, für 3 bis 6 Stunden",Nein,,Nein,,Nein,,Nein,,Nein,,Nein,,Ja,Ja,7.001 - 10.000 CHF,Universität/Master,Ich habe keine feste Parteipräferenz
118721400034,458224841,10/21/2024 04:04:33 PM,10/21/2024 04:10:29 PM,77.56.68.99,,,,,66,Weiblich,1,,Wohnung (Miete),,,Eine Mischung aus konventionellem Strom und Ökostrom,Wn,Bedrohung der Rentabilität von Stromunternehmen,3,1 = sehr unwichtig,5 = sehr wichtig,5 = sehr wichtig,5 = sehr wichtig,3,"Ja, für mehr als 24 Stunden","Ja, für 6 bis 12 Stunden","Ja, für 3 bis 6 Stunden","Ja, für mehr als 24 Stunden","Ja, für mehr als 24 Stunden","Ja, für mehr als 24 Stunden",,3%,,,,,"Ja, f",,Nein,,"Ja, f",,Ja,Ja,Keine Angabe,Keine Schulbildung,FDP.Die Liberalen (FDP)
118721395041,458224841,10/21/2024 03:58:23 PM,10/21/2024 04:05:26 PM,217.151.124.109,,,,,61,Weiblich,2,Wohnung (Eigentum),,,,Konventionellen Strom (Kernenergie und fossilen Brennstoffen),"Ja, genügend Zufluss/ Kapazität in Mehrfamilienhäuser",Herausforderungen für die Stabilität der Netze,4,5 = sehr wichtig,4,4,5 = sehr wichtig,4,"Ja, für mehr als 24 Stunden","Ja, für 6 bis 12 Stunden","Ja, für maximal 24 Stunden","Ja, für 3 bis 6 Stunden","Ja, für mehr als 24 Stunden","Ja, für mehr als 24 Stunden","Ja, f",,"Ja, +",10%,"Ja, +",10%,Nein,,"Ja, +",20%,"Ja, +",20%,Ja,Ja,7.001 - 10.000 CHF,Berufsausbildung/Lehre/Maturität,Die Mitte
118721391105,458224841,10/21/2024 03:56:35 PM,10/21/2024 04:01:29 PM,62.167.160.52,,,,,63,Weiblich,1,,Wohnung (Miete),,,Konventionellen Strom (Kernenergie und fossilen Brennstoffen),Weiss nicht,Steigende Strompreise für Verbraucher,3,4,5 = sehr wichtig,4,4,4,"Ja, für mehr als 24 Stunden","Ja, für maximal 24 Stunden","Nein, auf keinen Fall","Ja, für mehr als 24 Stunden","Ja, für mehr als 24 Stunden","Ja, für mehr als 24 Stunden",,10%,"Ja, f",,"Ja, f",,,4%,"Ja, f",,"Ja, f",,Ja,Ja,3.000 - 5.000 CHF,Berufsausbildung/Lehre/Maturität,Die Mitte
118721337485,458224841,10/21/2024 02:49:08 PM,10/21/2024 02:57:57 PM,194.230.145.233,,,,,30,Männlich,2,,Wohnung (Miete),,,Konventionellen Strom (Kernenergie und fossilen Brennstoffen),"Ja, es wird von diversen Haushalten Energie eingespeist, welches jedoch nicht finanziell lukrativ ist zur Zeit",Steigende Strompreise für Verbraucher,4,5 = sehr wichtig,4,2,3,3,"Ja, für maximal 24 Stunden","Ja, für maximal 24 Stunden","Ja, für mehr als 24 Stunden","Ja, für mehr als 24 Stunden","Ja, für mehr als 24 Stunden","Ja, für mehr als 24 Stunden","Ja, +",5%,Nein,,"Ja, +",30%,"Ja, f",,Nein,,"Ja, +",30%,Ja,Ja,3.000 - 5.000 CHF,Fachhochschule/Bachelor,Ich habe keine feste Parteipräferenz
118721331365,458224841,10/21/2024 02:44:41 PM,10/21/2024 02:49:45 PM,85.4.141.43,,,,,30,Weiblich,3,,,,Haus (Eigentum),Eine Mischung aus konventionellem Strom und Ökostrom,Solar ,Herausforderungen für die Stabilität der Netze,3,5 = sehr wichtig,4,5 = sehr wichtig,4,4,"Ja, für maximal 24 Stunden","Ja, aber maximal für 3 Stunden","Ja, für 6 bis 12 Stunden","Nein, auf keinen Fall","Ja, für mehr als 24 Stunden","Ja, für mehr als 24 Stunden","Ja, +",10%,Nein,,"Ja, +",15%,Nein,,Nein,,Nein,,Ja,Ja,3.000 - 5.000 CHF,Fachhochschule/Bachelor,Schweizerische Volkspartei (SVP)
118721328556,458224841,10/21/2024 02:42:59 PM,10/21/2024 02:45:59 PM,194.230.161.214,,,,,26,Weiblich,2,,Wohnung (Miete),,,Konventionellen Strom (Kernenergie und fossilen Brennstoffen),Wn,Steigende Strompreise für Verbraucher,1 = sehr unwichtig,5 = sehr wichtig,3,2,4,2,"Ja, für mehr als 24 Stunden","Ja, für maximal 24 Stunden","Ja, für mehr als 24 Stunden","Ja, für mehr als 24 Stunden","Ja, für mehr als 24 Stunden","Ja, für mehr als 24 Stunden","Ja, f",10%,Nein,,"Ja, +",20%,Nein,,Nein,,"Ja, f",30%,Ja,Ja,3.000 - 5.000 CHF,Berufsausbildung/Lehre/Maturität,Ich habe keine feste Parteipräferenz
118721197328,458224841,10/21/2024 10:23:26 AM,10/21/2024 10:31:17 AM,194.230.160.81,,,,,29,Männlich,2,,,Haus (Miete),,Eine Mischung aus konventionellem Strom und Ökostrom,"Ja, wn",Herausforderungen für die Stabilität der Netze,2,4,4,5 = sehr wichtig,2,3,"Ja, aber maximal für 3 Stunden","Nein, auf keinen Fall","Ja, aber maximal für 3 Stunden","Nein, auf keinen Fall","Ja, aber maximal für 3 Stunden","Nein, auf keinen Fall","Ja, +",10%,Nein,,"Ja, +",50%,Nein,,"Ja, +",10%,Nein,,Ja,Ja,5.001 - 7.000 CHF,Berufsausbildung/Lehre/Maturität,Ich habe keine feste Parteipräferenz
118721153752,458224841,10/20/2024 06:54:47 PM,10/21/2024 08:54:05 AM,213.55.184.82,,,,,20,Männlich,2,,Wohnung (Miete),,,Weiss nicht,Denke nicht,Steigende Strompreise für Verbraucher,1 = sehr unwichtig,4,3,2,4,2,"Ja, für mehr als 24 Stunden","Ja, für 6 bis 12 Stunden","Ja, für maximal 24 Stunden","Ja, für mehr als 24 Stunden","Ja, für mehr als 24 Stunden","Ja, für mehr als 24 Stunden","Ja, +",100%,"Ja, +",100%,"Ja, +",100%,"Ja, +",100%,"Ja, +",100%,"Ja, +",100%,Ja,Ja,5.001 - 7.000 CHF,Berufsausbildung/Lehre/Maturität,Die Mitte
118721125261,458224841,10/20/2024 06:34:34 PM,10/21/2024 07:35:41 AM,178.197.222.179,,,,,57,Männlich,4,,,,Haus (Eigentum),"Ökostrom (aus erneuerbaren Energien wie Wasser, Sonne, Wind)","Ja. Tag/Nacht Mix, flexible Preise,…",Herausforderungen für die Stabilität der Netze,2,4,3,5 = sehr wichtig,2,3,"Ja, für 3 bis 6 Stunden","Ja, aber maximal für 3 Stunden","Ja, für 3 bis 6 Stunden",,"Ja, aber maximal für 3 Stunden","Ja, aber maximal für 3 Stunden","Ja, +",30%,Nein,0%,"Ja, +",30%,Nein,0%,"Ja, +",30%,"Ja, +",30%,Ja,Ja,Über 10.000 CHF,Fachhochschule/Bachelor,Grünliberale Partei (GLP)
118721006467,458224841,10/21/2024 12:59:56 AM,10/21/2024 01:03:52 AM,92.105.184.84,,,,,26,Männlich,3,,,,Haus (Eigentum),"Ökostrom (aus erneuerbaren Energien wie Wasser, Sonne, Wind)",Ja,Keine der genannten Konsequenzen ist problematisch,3,2,1 = sehr unwichtig,2,2,3,"Nein, auf keinen Fall","Nein, auf keinen Fall","Nein, auf keinen Fall","Nein, auf keinen Fall","Nein, auf keinen Fall",,Nein,,Nein,,Nein,,Nein,,Nein,,Nein,,Nein,Nein,Keine Angabe,Universität/Master,Keine Angabe
118720956129,458224841,10/20/2024 10:00:37 PM,10/20/2024 10:07:34 PM,194.230.147.105,,,,,28,Männlich,3,,,Haus (Miete),,Konventionellen Strom (Kernenergie und fossilen Brennstoffen),Wn,Bedrohung der Rentabilität von Stromunternehmen,1 = sehr unwichtig,5 = sehr wichtig,1 = sehr unwichtig,5 = sehr wichtig,1 = sehr unwichtig,3,"Ja, für 6 bis 12 Stunden","Ja, aber maximal für 3 Stunden","Ja, für mehr als 24 Stunden","Nein, auf keinen Fall","Ja, für maximal 24 Stunden","Ja, für 3 bis 6 Stunden","Ja, +",10%,"Ja, +",10%,"Ja, +",10%,Nein,,"Ja, +",10%,"Ja, +",10%,Ja,Ja,3.000 - 5.000 CHF,Berufsausbildung/Lehre/Maturität,Ich habe keine feste Parteipräferenz
118720912499,458224841,10/20/2024 06:50:18 PM,10/20/2024 08:06:14 PM,92.104.77.211,,,,,55,Weiblich,2,,Wohnung (Miete),,,Eine Mischung aus konventionellem Strom und Ökostrom,Wie kann der produzierte Strom ( der Solarstrom) bei sehr hoher Produktion im Netz aufgenommen und sinnvoll genutzt oder allenfalls gespeichert werden?,Herausforderungen für die Stabilität der Netze,1 = sehr unwichtig,5 = sehr wichtig,2,2,2,2,"Ja, für mehr als 24 Stunden","Ja, aber maximal für 3 Stunden","Ja, für mehr als 24 Stunden","Ja, aber maximal für 3 Stunden","Ja, für maximal 24 Stunden","Ja, für mehr als 24 Stunden","Ja, +",25%,Nein,,"Ja, f",0%,"Ja, +",25%,"Ja, +",25%,"Ja, f",10%,Ja,Ja,Keine Angabe,Berufsausbildung/Lehre/Maturität,Die Mitte
118720905950,458224841,10/20/2024 07:13:36 PM,10/20/2024 07:48:50 PM,151.248.171.68,,,,,57,Weiblich,2,Wohnung (Eigentum),,,,"Ökostrom (aus erneuerbaren Energien wie Wasser, Sonne, Wind)","Ja, weil Netz schlecht ausgebaut ist.",Herausforderungen für die Stabilität der Netze,1 = sehr unwichtig,5 = sehr wichtig,2,2,1 = sehr unwichtig,1 = sehr unwichtig,"Ja, für mehr als 24 Stunden","Nein, auf keinen Fall","Ja, für maximal 24 Stunden","Ja, für 6 bis 12 Stunden","Ja, für mehr als 24 Stunden","Ja, für mehr als 24 Stunden","Ja, +",,Nein,,Nein,,Nein,,"Ja, +",,Nein,,Ja,Ja,Keine Angabe,Berufsausbildung/Lehre/Maturität,Grünliberale Partei (GLP)
118720902903,458224841,10/20/2024 07:29:55 PM,10/20/2024 07:37:43 PM,172.225.27.67,,,,,24,Weiblich,2,,Wohnung (Miete),,,Eine Mischung aus konventionellem Strom und Ökostrom,Wn,Herausforderungen für die Stabilität der Netze,4,5 = sehr wichtig,1 = sehr unwichtig,4,5 = sehr wichtig,1 = sehr unwichtig,"Ja, für 6 bis 12 Stunden","Nein, auf keinen Fall","Ja, für mehr als 24 Stunden","Nein, auf keinen Fall","Ja, für mehr als 24 Stunden","Ja, für mehr als 24 Stunden","Ja, +",50%,"Ja, +",50%,"Ja, +",50%,"Ja, +",50%,"Ja, +",50%,"Ja, +",50%,Ja,Ja,7.001 - 10.000 CHF,Universität/Master,Ich habe keine feste Parteipräferenz
118720900408,458224841,10/20/2024 05:37:25 PM,10/20/2024 07:28:36 PM,213.55.184.27,,,,,64,Männlich,4,,,,Haus (Eigentum),Eine Mischung aus konventionellem Strom und Ökostrom,Verfügbarkeit bei maximaler nutzung,Herausforderungen für die Stabilität der Netze,2,5 = sehr wichtig,4,5 = sehr wichtig,5 = sehr wichtig,5 = sehr wichtig,"Ja, für mehr als 24 Stunden","Ja, für maximal 24 Stunden","Ja, für mehr als 24 Stunden","Nein, auf keinen Fall","Ja, für mehr als 24 Stunden","Ja, für mehr als 24 Stunden","Ja, f",25%,"Ja, +",40%,"Ja, +",75%,"Ja, +",5%,"Ja, f",25%,"Ja, f",25%,Ja,Ja,Keine Angabe,Berufsausbildung/Lehre/Maturität,Die Mitte
118720897761,458224841,10/20/2024 07:08:48 PM,10/20/2024 07:19:09 PM,213.55.237.70,,,,,21,Weiblich,4,,,,Haus (Eigentum),Weiss nicht,wn,Notwendigkeit kostspieliger Netzinfrastruktur-Upgrades,5 = sehr wichtig,5 = sehr wichtig,3,5 = sehr wichtig,3,5 = sehr wichtig,"Ja, aber maximal für 3 Stunden","Nein, auf keinen Fall","Ja, aber maximal für 3 Stunden","Nein, auf keinen Fall","Ja, für 3 bis 6 Stunden","Nein, auf keinen Fall",Nein,0%,Nein,0%,"Ja, +",15%,"Ja, +",20%,"Ja, +",20%,"Ja, +",20%,Ja,Ja,Über 10.000 CHF,Berufsausbildung/Lehre/Maturität,Die Mitte
118720897461,458224841,10/20/2024 07:14:50 PM,10/20/2024 07:18:01 PM,178.197.210.133,,,,,50,Männlich,1,,Wohnung (Miete),,,"Ökostrom (aus erneuerbaren Energien wie Wasser, Sonne, Wind)",netzstabilität,Herausforderungen für die Stabilität der Netze,4,4,3,3,4,3,"Ja, für maximal 24 Stunden","Ja, für 3 bis 6 Stunden","Ja, für 3 bis 6 Stunden","Ja, für 3 bis 6 Stunden","Ja, für maximal 24 Stunden","Ja, für mehr als 24 Stunden","Ja, f",,"Ja, f",,"Ja, f",,"Ja, f",,"Ja, f",,"Ja, f",,Ja,Ja,5.001 - 7.000 CHF,Berufsausbildung/Lehre/Maturität,Grüne Partei der Schweiz (GPS)
118720895378,458224841,10/20/2024 06:56:57 PM,10/20/2024 07:10:34 PM,213.55.237.247,,,,,31,Männlich,1,Wohnung (Eigentum),,,,Eine Mischung aus konventionellem Strom und Ökostrom,Weiss nicht,Keine der genannten Konsequenzen ist problematisch,5 = sehr wichtig,5 = sehr wichtig,1 = sehr unwichtig,5 = sehr wichtig,5 = sehr wichtig,5 = sehr wichtig,"Ja, für mehr als 24 Stunden","Ja, für mehr als 24 Stunden","Ja, für mehr als 24 Stunden","Nein, auf keinen Fall","Ja, für mehr als 24 Stunden","Ja, für mehr als 24 Stunden","Ja, +",50%,"Ja, +",50%,"Ja, +",50%,Nein,50%,"Ja, +",50%,"Ja, +",50%,Ja,Ja,Über 10.000 CHF,Universität/Master,Ich habe keine feste Parteipräferenz
118720891261,458224841,10/20/2024 06:50:01 PM,10/20/2024 06:56:09 PM,178.197.211.64,,,,,57,Männlich,2,,Wohnung (Miete),,,Eine Mischung aus konventionellem Strom und Ökostrom,"Ja, Stabilität des Netzes ",Herausforderungen für die Stabilität der Netze,2,4,1 = sehr unwichtig,3,4,1 = sehr unwichtig,"Ja, für 6 bis 12 Stunden","Ja, für 3 bis 6 Stunden","Ja, für mehr als 24 Stunden","Ja, für 3 bis 6 Stunden","Ja, für 6 bis 12 Stunden","Ja, für mehr als 24 Stunden","Ja, f",5%,"Ja, +",10%,Nein,0%,"Ja, +",10%,"Ja, f",10%,"Ja, f",0%,Ja,Ja,Keine Angabe,Fachhochschule/Bachelor,Ich habe keine feste Parteipräferenz
118720890752,458224841,10/20/2024 06:45:52 PM,10/20/2024 06:54:18 PM,194.230.144.31,,,,,42,Weiblich,1,Wohnung (Eigentum),,,,Konventionellen Strom (Kernenergie und fossilen Brennstoffen),Stromnetzüberlastung,Herausforderungen für die Stabilität der Netze,2,4,3,5 = sehr wichtig,4,2,"Ja, für mehr als 24 Stunden","Ja, für maximal 24 Stunden","Ja, für maximal 24 Stunden","Ja, für 6 bis 12 Stunden","Ja, für mehr als 24 Stunden","Ja, für mehr als 24 Stunden","Ja, +",20%,Nein,,Nein,,Nein,,Nein,,"Ja, +",20%,Ja,Ja,7.001 - 10.000 CHF,Berufsausbildung/Lehre/Maturität,Keine Angabe
118720890310,458224841,10/20/2024 06:47:58 PM,10/20/2024 06:52:49 PM,194.230.144.120,,,,,19,Männlich,5,,,,Haus (Eigentum),Konventionellen Strom (Kernenergie und fossilen Brennstoffen),Viel zu teuer und nicht effizient. ,Steigende Strompreise für Verbraucher,3,4,4,2,4,4,"Nein, auf keinen Fall","Nein, auf keinen Fall","Nein, auf keinen Fall","Ja, aber maximal für 3 Stunden","Nein, auf keinen Fall","Nein, auf keinen Fall",,,,,,,,,,,,,Ja,Ja,Keine Angabe,Berufsausbildung/Lehre/Maturität,Schweizerische Volkspartei (SVP)
118720887674,458224841,10/20/2024 06:35:58 PM,10/20/2024 06:43:43 PM,178.197.223.238,,,,,27,Männlich,2,,Wohnung (Miete),,,Konventionellen Strom (Kernenergie und fossilen Brennstoffen),Wn,Herausforderungen für die Stabilität der Netze,3,3,5 = sehr wichtig,5 = sehr wichtig,4,3,"Ja, für mehr als 24 Stunden","Ja, für mehr als 24 Stunden","Ja, für mehr als 24 Stunden","Ja, aber maximal für 3 Stunden","Ja, für mehr als 24 Stunden","Ja, für mehr als 24 Stunden","Ja, +",10%,Nein,,Nein,,Nein,,Nein,,Nein,,Nein,Nein,Keine Angabe,Fachhochschule/Bachelor,Schweizerische Volkspartei (SVP)
118720887094,458224841,10/20/2024 06:36:43 PM,10/20/2024 06:41:47 PM,178.197.195.200,,,,,60,Männlich,1,,,Haus (Miete),,Eine Mischung aus konventionellem Strom und Ökostrom,Wn,Steigende Strompreise für Verbraucher,5 = sehr wichtig,5 = sehr wichtig,5 = sehr wichtig,4,5 = sehr wichtig,5 = sehr wichtig,"Ja, für 3 bis 6 Stunden","Ja, für 3 bis 6 Stunden","Nein, auf keinen Fall","Ja, für 6 bis 12 Stunden","Ja, für mehr als 24 Stunden","Ja, für mehr als 24 Stunden","Ja, +",,Nein,,Nein,,"Ja, f",,"Ja, +",,"Ja, +",,Ja,Ja,Unter 3.000 CHF,Berufsausbildung/Lehre/Maturität,Ich habe keine feste Parteipräferenz
118720882393,458224841,10/20/2024 06:21:01 PM,10/20/2024 06:27:09 PM,178.197.211.79,,,,,39,Weiblich,4,,Wohnung (Miete),,,Konventionellen Strom (Kernenergie und fossilen Brennstoffen),Weiss nicht,Steigende Strompreise für Verbraucher,3,5 = sehr wichtig,5 = sehr wichtig,4,5 = sehr wichtig,5 = sehr wichtig,"Ja, für mehr als 24 Stunden","Ja, für maximal 24 Stunden","Nein, auf keinen Fall","Ja, für mehr als 24 Stunden","Nein, auf keinen Fall","Nein, auf keinen Fall","Ja, f",,"Ja, +",,"Ja, +",,"Ja, f",,"Ja, +",,"Ja, f",,Ja,Ja,Keine Angabe,Berufsausbildung/Lehre/Maturität,Keine Angabe
118720881324,458224841,10/20/2024 06:20:12 PM,10/20/2024 06:24:28 PM,178.197.198.195,,,,,38,Männlich,4,,Wohnung (Miete),,,Konventionellen Strom (Kernenergie und fossilen Brennstoffen),Industrie verdient kein geld mehr,Bedrohung der Rentabilität von Stromunternehmen,5 = sehr wichtig,5 = sehr wichtig,5 = sehr wichtig,5 = sehr wichtig,5 = sehr wichtig,5 = sehr wichtig,"Ja, für maximal 24 Stunden","Ja, aber maximal für 3 Stunden","Nein, auf keinen Fall","Nein, auf keinen Fall","Ja, für mehr als 24 Stunden","Ja, für maximal 24 Stunden",Nein,,Nein,,Nein,,Nein,,Nein,,Nein,,Ja,Ja,5.001 - 7.000 CHF,Berufsausbildung/Lehre/Maturität,Schweizerische Volkspartei (SVP)
118720881244,458224841,10/20/2024 05:59:05 PM,10/20/2024 06:24:20 PM,178.197.215.42,,,,,53,Männlich,1,,,,Haus (Eigentum),Konventionellen Strom (Kernenergie und fossilen Brennstoffen),Ja. Wirtschaftliche und zum Teil politische Interessen ,Bedrohung der Rentabilität von Stromunternehmen,2,5 = sehr wichtig,2,4,4,3,"Ja, für 6 bis 12 Stunden","Ja, für 3 bis 6 Stunden","Ja, für mehr als 24 Stunden","Ja, für 6 bis 12 Stunden","Ja, für mehr als 24 Stunden","Ja, für mehr als 24 Stunden",,5%,,,,5%,,,,,,,Ja,Ja,Über 10.000 CHF,Universität/Master,FDP.Die Liberalen (FDP)
118720880281,458224841,10/20/2024 06:19:05 PM,10/20/2024 06:22:53 PM,194.230.144.216,,,,,19,Männlich,2,,Wohnung (Miete),,,Weiss nicht,Wn,Steigende Strompreise für Verbraucher,3,4,5 = sehr wichtig,3,5 = sehr wichtig,2,"Ja, für 6 bis 12 Stunden","Ja, für 6 bis 12 Stunden","Ja, für 6 bis 12 Stunden","Ja, für maximal 24 Stunden","Ja, für 6 bis 12 Stunden","Ja, für mehr als 24 Stunden","Ja, f",72%,,11%,"Ja, +",12%,Nein,37%,"Ja, +",27%,"Ja, f",23%,Nein,Ja,Keine Angabe,Berufsausbildung/Lehre/Maturität,Schweizerische Volkspartei (SVP)
118720878032,458224841,10/20/2024 06:09:57 PM,10/20/2024 06:17:56 PM,104.28.62.87,,,,,18,Männlich,3,,Wohnung (Miete),,,Weiss nicht,"Ja, unregelmässige Stromzufuhr",Herausforderungen für die Stabilität der Netze,2,4,3,5 = sehr wichtig,4,3,"Ja, für 3 bis 6 Stunden","Nein, auf keinen Fall","Ja, für 3 bis 6 Stunden","Nein, auf keinen Fall","Ja, für 6 bis 12 Stunden","Ja, für maximal 24 Stunden","Ja, +",10%,Nein,,"Ja, +",5%,Nein,,"Ja, +",10%,"Ja, +",8%,Ja,Nein,Keine Angabe,Berufsausbildung/Lehre/Maturität,Ich habe keine feste Parteipräferenz
118720876610,458224841,10/20/2024 06:02:39 PM,10/20/2024 06:13:13 PM,178.197.210.105,,,,,28,Weiblich,2,,Wohnung (Miete),,,Konventionellen Strom (Kernenergie und fossilen Brennstoffen),Preisunterschiede maybe?,Steigende Strompreise für Verbraucher,3,5 = sehr wichtig,1 = sehr unwichtig,4,5 = sehr wichtig,5 = sehr wichtig,"Ja, für 3 bis 6 Stunden","Ja, aber maximal für 3 Stunden","Ja, für mehr als 24 Stunden","Ja, für 6 bis 12 Stunden","Nein, auf keinen Fall","Nein, auf keinen Fall","Ja, f",,Nein,,"Ja, f",,"Ja, +",10%,"Ja, +",50%,"Ja, +",50%,Ja,Nein,5.001 - 7.000 CHF,Fachhochschule/Bachelor,Keine Angabe
118720875003,458224841,10/20/2024 05:47:16 PM,10/20/2024 06:08:05 PM,178.197.211.179,,,,,35,Männlich,4,,Wohnung (Miete),,,"Ökostrom (aus erneuerbaren Energien wie Wasser, Sonne, Wind)","Ja, ja das Stromnetz muss Spitzen der Energieerzeugung aufnehmen können.",Herausforderungen für die Stabilität der Netze,1 = sehr unwichtig,5 = sehr wichtig,5 = sehr wichtig,5 = sehr wichtig,1 = sehr unwichtig,5 = sehr wichtig,"Nein, auf keinen Fall","Nein, auf keinen Fall","Nein, auf keinen Fall","Nein, auf keinen Fall","Nein, auf keinen Fall","Nein, auf keinen Fall",Nein,,Nein,,Nein,,Nein,,Nein,,Nein,,Ja,Nein,7.001 - 10.000 CHF,Universität/Master,Sozialdemokratische Partei der Schweiz (SP)
118720874823,458224841,10/20/2024 05:54:41 PM,10/20/2024 06:07:31 PM,194.230.144.92,,,,,31,Männlich,über 6,,,Haus (Miete),,"Ökostrom (aus erneuerbaren Energien wie Wasser, Sonne, Wind)","Ja, zu starke Strom Peaks",Herausforderungen für die Stabilität der Netze,4,5 = sehr wichtig,1 = sehr unwichtig,3,2,2,"Ja, für mehr als 24 Stunden","Ja, für 6 bis 12 Stunden","Ja, für mehr als 24 Stunden","Ja, für maximal 24 Stunden","Ja, für mehr als 24 Stunden","Ja, für mehr als 24 Stunden","Ja, f",,"Ja, +",10%,"Ja, f",,"Ja, f",,"Ja, f",,"Ja, f",,Ja,Ja,Über 10.000 CHF,Universität/Master,Sozialdemokratische Partei der Schweiz (SP)
118720874594,458224841,10/20/2024 05:54:49 PM,10/20/2024 06:06:50 PM,194.230.144.124,,,,,27,Weiblich,über 6,,,Haus (Miete),,Eine Mischung aus konventionellem Strom und Ökostrom,Wn,Keine der genannten Konsequenzen ist problematisch,2,4,1 = sehr unwichtig,5 = sehr wichtig,4,3,"Ja, für mehr als 24 Stunden","Ja, für mehr als 24 Stunden","Ja, für mehr als 24 Stunden","Ja, für 3 bis 6 Stunden","Ja, für mehr als 24 Stunden","Ja, für mehr als 24 Stunden","Ja, f",,"Ja, +",10%,"Ja, f",,"Ja, f",30%,"Ja, f",10%,"Ja, f",10%,Ja,Ja,Über 10.000 CHF,Fachhochschule/Bachelor,Sozialdemokratische Partei der Schweiz (SP)
118720874067,458224841,10/20/2024 05:56:49 PM,10/20/2024 06:05:11 PM,178.197.222.101,,,,,22,Weiblich,2,,Wohnung (Miete),,,Weiss nicht,Ja ich denke schon. Erneuerbare Energie kann die Stromnachfrage im Winter nicht gleich effiezient decken. Zudem werden die Kosten höher.,Herausforderungen für die Stabilität der Netze,1 = sehr unwichtig,5 = sehr wichtig,5 = sehr wichtig,2,2,2,"Ja, für 6 bis 12 Stunden","Nein, auf keinen Fall","Nein, auf keinen Fall","Ja, aber maximal für 3 Stunden","Ja, für 6 bis 12 Stunden","Ja, für 6 bis 12 Stunden","Ja, f",5%,"Ja, +",,"Ja, +",10%,"Ja, +",10%,"Ja, f",,"Ja, f",,Ja,Ja,3.000 - 5.000 CHF,Fachhochschule/Bachelor,FDP.Die Liberalen (FDP)
118720873582,458224841,10/20/2024 05:56:12 PM,10/20/2024 06:03:33 PM,194.230.145.126,,,,,21,Weiblich,4,,,,Haus (Eigentum),Konventionellen Strom (Kernenergie und fossilen Brennstoffen),Weiss nicht,Steigende Strompreise für Verbraucher,5 = sehr wichtig,5 = sehr wichtig,2,2,5 = sehr wichtig,4,"Ja, aber maximal für 3 Stunden","Nein, auf keinen Fall","Ja, aber maximal für 3 Stunden","Ja, für 6 bis 12 Stunden","Nein, auf keinen Fall","Nein, auf keinen Fall",Nein,,Nein,,"Ja, f",,"Ja, +",30%,Nein,,"Ja, +",14%,Nein,Ja,Keine Angabe,Berufsausbildung/Lehre/Maturität,Keine Angabe
118720873581,458224841,10/20/2024 05:56:08 PM,10/20/2024 06:03:32 PM,194.230.145.44,,,,,19,Männlich,5,,Wohnung (Miete),,,Konventionellen Strom (Kernenergie und fossilen Brennstoffen),Weiss nicht,Steigende Strompreise für Verbraucher,5 = sehr wichtig,5 = sehr wichtig,2,1 = sehr unwichtig,5 = sehr wichtig,5 = sehr wichtig,"Ja, für 3 bis 6 Stunden","Nein, auf keinen Fall","Ja, für mehr als 24 Stunden","Ja, für 3 bis 6 Stunden","Ja, für maximal 24 Stunden","Ja, für 6 bis 12 Stunden","Ja, +",10%,Nein,,"Ja, f",,"Ja, f",,"Ja, +",20%,"Ja, f",,Ja,Ja,Über 10.000 CHF,Berufsausbildung/Lehre/Maturität,Grüne Partei der Schweiz (GPS)
118720873448,458224841,10/20/2024 05:56:56 PM,10/20/2024 06:03:07 PM,194.230.148.2,,,,,23,Männlich,2,,Wohnung (Miete),,,Weiss nicht,"Ja, Effizienz, Menge und Preise",Steigende Strompreise für Verbraucher,1 = sehr unwichtig,3,5 = sehr wichtig,3,5 = sehr wichtig,3,"Ja, für mehr als 24 Stunden","Ja, für mehr als 24 Stunden","Nein, auf keinen Fall","Nein, auf keinen Fall","Ja, für maximal 24 Stunden","Ja, für mehr als 24 Stunden","Ja, f",,"Ja, +",,Nein,,Nein,,Nein,,"Ja, +",25%,Ja,Ja,Unter 3.000 CHF,Berufsausbildung/Lehre/Maturität,Ich habe keine feste Parteipräferenz
118720872081,458224841,10/20/2024 05:51:16 PM,10/20/2024 05:58:44 PM,194.230.145.148,,,,,unter 18,Weiblich,3,Wohnung (Eigentum),,,,Konventionellen Strom (Kernenergie und fossilen Brennstoffen),wn,Herausforderungen für die Stabilität der Netze,4,4,3,4,5 = sehr wichtig,4,"Ja, für maximal 24 Stunden","Ja, für 6 bis 12 Stunden","Ja, für maximal 24 Stunden","Ja, für 3 bis 6 Stunden","Ja, für 3 bis 6 Stunden","Ja, für mehr als 24 Stunden",Nein,,Nein,,Nein,,Nein,,Nein,,Nein,,Ja,Ja,Über 10.000 CHF,Sekundarschule/Realschule,Ich habe keine feste Parteipräferenz
118720872071,458224841,10/20/2024 05:51:08 PM,10/20/2024 05:58:42 PM,178.197.219.28,,,,,57,Männlich,3,Wohnung (Eigentum),,,,Konventionellen Strom (Kernenergie und fossilen Brennstoffen),wn,Herausforderungen für die Stabilität der Netze,4,4,2,5 = sehr wichtig,5 = sehr wichtig,4,"Ja, für maximal 24 Stunden","Ja, für 6 bis 12 Stunden","Ja, für maximal 24 Stunden","Ja, für 3 bis 6 Stunden","Ja, für 6 bis 12 Stunden","Ja, für mehr als 24 Stunden",Nein,,Nein,,Nein,,Nein,,Nein,,Nein,,Ja,Ja,Über 10.000 CHF,Universität/Master,Ich habe keine feste Parteipräferenz
118720869708,458224841,10/20/2024 05:44:25 PM,10/20/2024 05:50:55 PM,178.197.219.181,,,,,30,Weiblich,2,,Wohnung (Miete),,,Weiss nicht,"Erzeugung ist evtl weniger gut planbar, da abhängig vom Wetter",Steigende Strompreise für Verbraucher,3,3,4,5 = sehr wichtig,5 = sehr wichtig,2,"Ja, für mehr als 24 Stunden","Ja, aber maximal für 3 Stunden","Ja, aber maximal für 3 Stunden","Nein, auf keinen Fall","Ja, für mehr als 24 Stunden","Ja, für mehr als 24 Stunden","Ja, f",,"Ja, f",,"Ja, f",,Nein,,"Ja, f",,"Ja, f",,Ja,Ja,7.001 - 10.000 CHF,Universität/Master,Sozialdemokratische Partei der Schweiz (SP)
118720869178,458224841,10/20/2024 05:42:06 PM,10/20/2024 05:49:12 PM,213.55.237.48,,,,,39,Weiblich,2,,Wohnung (Miete),,,Konventionellen Strom (Kernenergie und fossilen Brennstoffen),Ja,Notwendigkeit kostspieliger Netzinfrastruktur-Upgrades,2,4,3,5 = sehr wichtig,4,5 = sehr wichtig,"Ja, für mehr als 24 Stunden","Ja, für 6 bis 12 Stunden","Ja, für mehr als 24 Stunden","Ja, aber maximal für 3 Stunden","Ja, für mehr als 24 Stunden","Ja, für mehr als 24 Stunden","Ja, f",,"Ja, f",,"Ja, f",,"Ja, f",,"Ja, f",,"Ja, f",,Ja,Ja,7.001 - 10.000 CHF,Berufsausbildung/Lehre/Maturität,Keine Angabe
118720868828,458224841,10/20/2024 05:42:17 PM,10/20/2024 05:48:04 PM,178.197.211.150,,,,,40,Männlich,5,,Wohnung (Miete),,,Eine Mischung aus konventionellem Strom und Ökostrom,Nein,Keine der genannten Konsequenzen ist problematisch,5 = sehr wichtig,5 = sehr wichtig,2,4,3,2,"Ja, für 6 bis 12 Stunden","Ja, für 3 bis 6 Stunden","Ja, für mehr als 24 Stunden","Ja, aber maximal für 3 Stunden","Ja, für maximal 24 Stunden","Ja, für mehr als 24 Stunden",Nein,,Nein,,Nein,,Nein,,Nein,,Nein,,Ja,Nein,7.001 - 10.000 CHF,Fachhochschule/Bachelor,Ich habe keine feste Parteipräferenz
118720617197,458224841,10/19/2024 11:54:00 PM,10/20/2024 12:00:12 AM,178.197.211.11,,,,,44,Männlich,3,Wohnung (Eigentum),,,,Eine Mischung aus konventionellem Strom und Ökostrom,nein,Steigende Strompreise für Verbraucher,3,4,3,5 = sehr wichtig,4,5 = sehr wichtig,"Ja, aber maximal für 3 Stunden","Ja, aber maximal für 3 Stunden","Ja, aber maximal für 3 Stunden","Nein, auf keinen Fall","Ja, aber maximal für 3 Stunden","Ja, aber maximal für 3 Stunden",Nein,,Nein,,"Ja, +",10%,Nein,,Nein,,Nein,,Ja,Ja,5.001 - 7.000 CHF,Fachhochschule/Bachelor,Sozialdemokratische Partei der Schweiz (SP)
118720359488,458224841,10/19/2024 12:28:37 PM,10/19/2024 12:34:15 PM,84.241.83.127,,,,,61,Männlich,4,,,,Haus (Eigentum),"Ökostrom (aus erneuerbaren Energien wie Wasser, Sonne, Wind)",Weiss nicht ,Herausforderungen für die Stabilität der Netze,3,3,3,2,4,2,"Ja, für mehr als 24 Stunden","Ja, für 6 bis 12 Stunden","Ja, für 6 bis 12 Stunden","Ja, für mehr als 24 Stunden","Ja, für mehr als 24 Stunden","Ja, für mehr als 24 Stunden","Ja, +",10%,"Ja, +",20%,"Ja, +",,Nein,,"Ja, +",10%,Nein,,Ja,Ja,7.001 - 10.000 CHF,Berufsausbildung/Lehre/Maturität,Schweizerische Volkspartei (SVP)
118720304414,458224841,10/19/2024 08:33:52 AM,10/19/2024 08:39:45 AM,158.181.117.213,,,,,42,Männlich,5,,,,Haus (Eigentum),Eine Mischung aus konventionellem Strom und Ökostrom,"Denke, dass du wenig geliefert werden kann, da der Stromverbrauch momentan zunimmt.",Steigende Strompreise für Verbraucher,3,4,2,5 = sehr wichtig,3,3,"Ja, für 6 bis 12 Stunden","Ja, für 6 bis 12 Stunden","Ja, für mehr als 24 Stunden","Ja, für 3 bis 6 Stunden","Ja, für maximal 24 Stunden","Ja, für 6 bis 12 Stunden","Ja, +",10%,"Ja, +",5%,"Ja, f",0%,Nein,,"Ja, +",,"Ja, +",,Ja,Ja,Über 10.000 CHF,Fachhochschule/Bachelor,Schweizerische Volkspartei (SVP)
118720210295,458224841,10/19/2024 02:49:18 AM,10/19/2024 02:53:20 AM,158.181.125.121,,,,,43,Weiblich,2,,Wohnung (Miete),,,Konventionellen Strom (Kernenergie und fossilen Brennstoffen),Wn,Steigende Strompreise für Verbraucher,2,3,3,4,4,4,"Ja, für mehr als 24 Stunden","Ja, für mehr als 24 Stunden","Ja, für maximal 24 Stunden","Ja, für 6 bis 12 Stunden","Ja, für mehr als 24 Stunden","Ja, für mehr als 24 Stunden","Ja, f",10%,"Ja, +",10%,"Ja, +",10%,Nein,,Nein,,Nein,,Nein,Ja,7.001 - 10.000 CHF,Fachhochschule/Bachelor,Die Mitte
118720095220,458224841,10/18/2024 10:50:44 PM,10/18/2024 10:57:09 PM,178.197.222.185,,,,,70,Männlich,2,Wohnung (Eigentum),,,,Eine Mischung aus konventionellem Strom und Ökostrom,genügend Rohstoff-Ressourcen,Herausforderungen für die Stabilität der Netze,5 = sehr wichtig,5 = sehr wichtig,5 = sehr wichtig,2,5 = sehr wichtig,5 = sehr wichtig,"Ja, für 6 bis 12 Stunden","Ja, für 6 bis 12 Stunden","Ja, für mehr als 24 Stunden","Ja, für mehr als 24 Stunden","Ja, für mehr als 24 Stunden","Ja, für mehr als 24 Stunden",Nein,,Nein,,Nein,,"Ja, f",10%,Nein,,Nein,,Ja,Ja,7.001 - 10.000 CHF,Universität/Master,Grünliberale Partei (GLP)
118719940488,458224841,10/18/2024 07:43:38 PM,10/18/2024 07:49:49 PM,151.248.190.227,,,,,39,Männlich,5,,,,Haus (Eigentum),Eine Mischung aus konventionellem Strom und Ökostrom,Die Speicherung von Energie in Form von Strom wird eine grosse Beteutung haben.,Bedrohung der Rentabilität von Stromunternehmen,1 = sehr unwichtig,1 = sehr unwichtig,1 = sehr unwichtig,1 = sehr unwichtig,5 = sehr wichtig,1 = sehr unwichtig,"Ja, für 6 bis 12 Stunden","Ja, für 6 bis 12 Stunden","Ja, für mehr als 24 Stunden","Ja, für mehr als 24 Stunden","Ja, für 3 bis 6 Stunden","Ja, für mehr als 24 Stunden","Ja, f",,"Ja, f",,"Ja, f",,"Ja, f",,"Ja, f",,"Ja, f",,Ja,Ja,5.001 - 7.000 CHF,Berufsausbildung/Lehre/Maturität,Schweizerische Volkspartei (SVP)
118719844221,458224841,10/18/2024 05:58:33 PM,10/18/2024 06:04:59 PM,194.230.148.102,,,,,39,Männlich,2,,,,Haus (Eigentum),"Ökostrom (aus erneuerbaren Energien wie Wasser, Sonne, Wind)",Klimawandel,Steigende Strompreise für Verbraucher,5 = sehr wichtig,5 = sehr wichtig,5 = sehr wichtig,5 = sehr wichtig,4,4,"Ja, für mehr als 24 Stunden","Ja, für mehr als 24 Stunden","Ja, für maximal 24 Stunden","Ja, für 3 bis 6 Stunden","Ja, für mehr als 24 Stunden","Ja, für mehr als 24 Stunden","Ja, +",40%,Nein,,Nein,,Nein,,"Ja, +",45%,"Ja, +",20%,Ja,Ja,7.001 - 10.000 CHF,Fachhochschule/Bachelor,Schweizerische Volkspartei (SVP)
118719800343,458224841,10/18/2024 05:15:18 PM,10/18/2024 05:18:49 PM,194.230.161.77,,,,,31,Weiblich,1,,Wohnung (Miete),,,Weiss nicht,Wn,Notwendigkeit kostspieliger Netzinfrastruktur-Upgrades,4,4,4,4,4,4,"Ja, für mehr als 24 Stunden","Ja, für 6 bis 12 Stunden","Ja, für mehr als 24 Stunden","Ja, aber maximal für 3 Stunden","Ja, für 6 bis 12 Stunden","Ja, für 6 bis 12 Stunden","Ja, +",,"Ja, +",,"Ja, +",,"Ja, +",,"Ja, +",,"Ja, +",,Ja,Ja,5.001 - 7.000 CHF,Berufsausbildung/Lehre/Maturität,FDP.Die Liberalen (FDP)
118719787450,458224841,10/18/2024 05:01:48 PM,10/18/2024 05:06:16 PM,213.55.185.202,,,,,18,Weiblich,3,,,,Haus (Eigentum),Eine Mischung aus konventionellem Strom und Ökostrom,Weiss nicht ,Steigende Strompreise für Verbraucher,2,4,1 = sehr unwichtig,3,4,3,"Ja, für mehr als 24 Stunden","Ja, für 6 bis 12 Stunden","Ja, für mehr als 24 Stunden","Ja, für mehr als 24 Stunden","Ja, für mehr als 24 Stunden","Ja, für mehr als 24 Stunden","Ja, f",,"Ja, f",,"Ja, f",,"Ja, f",,"Ja, +",,"Ja, f",,Ja,Ja,Keine Angabe,Berufsausbildung/Lehre/Maturität,Ich habe keine feste Parteipräferenz
118719777684,458224841,10/18/2024 04:52:19 PM,10/18/2024 04:56:28 PM,194.230.144.25,,,,,29,Männlich,2,,Wohnung (Miete),,,Weiss nicht,Wn,Steigende Strompreise für Verbraucher,2,5 = sehr wichtig,5 = sehr wichtig,5 = sehr wichtig,3,3,"Ja, für mehr als 24 Stunden","Ja, aber maximal für 3 Stunden","Ja, für 3 bis 6 Stunden","Ja, für 6 bis 12 Stunden","Ja, für mehr als 24 Stunden","Ja, für mehr als 24 Stunden","Ja, +",5%,"Ja, +",10%,"Ja, +",10%,"Ja, +",5%,"Ja, +",5%,"Ja, +",10%,Ja,Ja,7.001 - 10.000 CHF,Universität/Master,FDP.Die Liberalen (FDP)
118719751123,458224841,10/18/2024 04:21:40 PM,10/18/2024 04:30:02 PM,212.4.86.157,,,,,68,Männlich,2,,,,Haus (Eigentum),Konventionellen Strom (Kernenergie und fossilen Brennstoffen),Wn,Herausforderungen für die Stabilität der Netze,5 = sehr wichtig,5 = sehr wichtig,5 = sehr wichtig,5 = sehr wichtig,4,5 = sehr wichtig,"Ja, aber maximal für 3 Stunden","Ja, für 3 bis 6 Stunden","Ja, aber maximal für 3 Stunden","Nein, auf keinen Fall","Ja, für 3 bis 6 Stunden","Ja, für 6 bis 12 Stunden",,32%,,,,,,,,,,,Nein,Ja,Keine Angabe,Keine Angabe,Ich habe keine feste Parteipräferenz
118719745254,458224841,10/18/2024 04:15:33 PM,10/18/2024 04:24:51 PM,149.22.89.90,,,,,49,Männlich,6,,,,Haus (Eigentum),"Ökostrom (aus erneuerbaren Energien wie Wasser, Sonne, Wind)",wn,Steigende Strompreise für Verbraucher,5 = sehr wichtig,5 = sehr wichtig,3,1 = sehr unwichtig,3,4,"Ja, für 3 bis 6 Stunden","Ja, für 6 bis 12 Stunden","Ja, für 6 bis 12 Stunden","Ja, für 6 bis 12 Stunden","Ja, aber maximal für 3 Stunden","Ja, für 3 bis 6 Stunden","Ja, +",20%,"Ja, +",20%,"Ja, f",,Nein,0%,"Ja, +",20%,"Ja, +",50%,Ja,Ja,7.001 - 10.000 CHF,Fachhochschule/Bachelor,Keine Angabe
118719744912,458224841,10/18/2024 04:20:55 PM,10/18/2024 04:24:35 PM,195.20.93.194,,,,,31,Weiblich,3,,,Haus (Miete),,Konventionellen Strom (Kernenergie und fossilen Brennstoffen),wn,Herausforderungen für die Stabilität der Netze,5 = sehr wichtig,5 = sehr wichtig,2,5 = sehr wichtig,5 = sehr wichtig,4,"Ja, für maximal 24 Stunden","Ja, für maximal 24 Stunden","Ja, für maximal 24 Stunden","Ja, für maximal 24 Stunden","Ja, für maximal 24 Stunden","Ja, für maximal 24 Stunden",Nein,,Nein,,"Ja, f",,"Ja, +",10%,Nein,,Nein,,Ja,Ja,3.000 - 5.000 CHF,Universität/Master,Ich habe keine feste Parteipräferenz
118719740529,458224841,10/18/2024 04:10:32 PM,10/18/2024 04:20:34 PM,194.230.148.10,,,,,20,Weiblich,3,,,,Haus (Eigentum),"Ökostrom (aus erneuerbaren Energien wie Wasser, Sonne, Wind)",Wn,Keine der genannten Konsequenzen ist problematisch,3,5 = sehr wichtig,4,2,2,2,"Ja, für maximal 24 Stunden","Nein, auf keinen Fall","Ja, aber maximal für 3 Stunden","Ja, für 3 bis 6 Stunden","Ja, für maximal 24 Stunden","Ja, für maximal 24 Stunden","Ja, +",2%,Nein,,"Ja, +",5%,"Ja, +",1%,"Ja, +",4%,"Ja, +",1%,Ja,Ja,Unter 3.000 CHF,Berufsausbildung/Lehre/Maturität,Grünliberale Partei (GLP)
118719740378,458224841,10/18/2024 04:13:32 PM,10/18/2024 04:20:25 PM,194.230.144.18,,,,,27,Männlich,3,,,,Haus (Eigentum),Eine Mischung aus konventionellem Strom und Ökostrom,Wn,Herausforderungen für die Stabilität der Netze,1 = sehr unwichtig,1 = sehr unwichtig,1 = sehr unwichtig,1 = sehr unwichtig,1 = sehr unwichtig,1 = sehr unwichtig,"Nein, auf keinen Fall","Nein, auf keinen Fall","Nein, auf keinen Fall","Nein, auf keinen Fall","Nein, auf keinen Fall","Ja, für maximal 24 Stunden","Ja, +",10%,"Ja, +",10%,"Ja, +",10%,"Ja, +",10%,"Ja, +",10%,"Ja, +",10%,Ja,Ja,Über 10.000 CHF,Universität/Master,Grünliberale Partei (GLP)
118719731879,458224841,10/18/2024 04:07:19 PM,10/18/2024 04:12:43 PM,213.55.233.116,,,,,31,Männlich,1,,Wohnung (Miete),,,Konventionellen Strom (Kernenergie und fossilen Brennstoffen),Vermutlich Probleme mit Speicherung der Energie,Herausforderungen für die Stabilität der Netze,3,5 = sehr wichtig,5 = sehr wichtig,5 = sehr wichtig,3,3,"Ja, für 6 bis 12 Stunden","Nein, auf keinen Fall","Nein, auf keinen Fall","Nein, auf keinen Fall","Ja, für 6 bis 12 Stunden","Ja, für maximal 24 Stunden","Ja, +",50%,Nein,0%,Nein,,Nein,,"Ja, f",50%,"Ja, f",50%,Ja,Ja,3.000 - 5.000 CHF,Universität/Master,FDP.Die Liberalen (FDP)
118719723990,458224841,10/18/2024 04:03:03 PM,10/18/2024 04:05:23 PM,178.197.202.222,,,,,über 95,Divers,über 6,,,,Haus (Eigentum),Weiss nicht,Die Katze macht iaaaaah,Keine der genannten Konsequenzen ist problematisch,5 = sehr wichtig,5 = sehr wichtig,5 = sehr wichtig,5 = sehr wichtig,5 = sehr wichtig,5 = sehr wichtig,"Nein, auf keinen Fall","Nein, auf keinen Fall","Nein, auf keinen Fall","Nein, auf keinen Fall","Nein, auf keinen Fall","Nein, auf keinen Fall",Nein,4%,Nein,5%,Nein,7%,Nein,11%,Nein,12%,Nein,11%,Nein,Nein,Über 10.000 CHF,Keine Schulbildung,Andere Partei
118719722284,458224841,10/18/2024 03:59:52 PM,10/18/2024 04:03:47 PM,194.230.144.224,,,,,32,Männlich,1,,Wohnung (Miete),,,"Ökostrom (aus erneuerbaren Energien wie Wasser, Sonne, Wind)",Ünerproduktion am mittag,Notwendigkeit kostspieliger Netzinfrastruktur-Upgrades,3,5 = sehr wichtig,5 = sehr wichtig,5 = sehr wichtig,4,4,"Ja, für 3 bis 6 Stunden","Nein, auf keinen Fall","Nein, auf keinen Fall","Nein, auf keinen Fall","Ja, für 6 bis 12 Stunden","Ja, für 3 bis 6 Stunden","Ja, +",20%,Nein,20%,Nein,20%,Nein,20%,"Ja, +",20%,"Ja, +",20%,Nein,Nein,Über 10.000 CHF,Universität/Master,FDP.Die Liberalen (FDP)
118719718843,458224841,10/18/2024 03:54:20 PM,10/18/2024 04:00:48 PM,213.55.237.162,,,,,66,Weiblich,2,,,,Haus (Eigentum),"Ökostrom (aus erneuerbaren Energien wie Wasser, Sonne, Wind)",Kapazitätsgrage,Herausforderungen für die Stabilität der Netze,3,1 = sehr unwichtig,2,2,1 = sehr unwichtig,2,"Ja, für maximal 24 Stunden","Ja, für maximal 24 Stunden","Ja, für maximal 24 Stunden","Ja, für maximal 24 Stunden","Ja, für maximal 24 Stunden","Ja, für maximal 24 Stunden","Ja, f",,"Ja, f",,"Ja, f",,"Ja, f",,"Ja, +",,"Ja, f",,Ja,Nein,Über 10.000 CHF,Universität/Master,Ich habe keine feste Parteipräferenz
118719706439,458224841,10/18/2024 03:45:14 PM,10/18/2024 03:48:52 PM,194.230.144.30,,,,,49,Weiblich,6,,,,Haus (Eigentum),Konventionellen Strom (Kernenergie und fossilen Brennstoffen),weiss nicht,Steigende Strompreise für Verbraucher,5 = sehr wichtig,5 = sehr wichtig,2,2,5 = sehr wichtig,3,"Ja, für maximal 24 Stunden","Ja, für maximal 24 Stunden","Ja, für maximal 24 Stunden","Ja, für maximal 24 Stunden","Ja, für maximal 24 Stunden","Ja, für maximal 24 Stunden",Nein,,Nein,,"Ja, f",,"Ja, f",,Nein,,"Ja, f",,Ja,Ja,7.001 - 10.000 CHF,Berufsausbildung/Lehre/Maturität,Ich habe keine feste Parteipräferenz
118719702607,458224841,10/18/2024 03:36:38 PM,10/18/2024 03:45:08 PM,178.197.207.255,,,,,72,Weiblich,2,Wohnung (Eigentum),,,,"Ökostrom (aus erneuerbaren Energien wie Wasser, Sonne, Wind)",Wn,Steigende Strompreise für Verbraucher,4,5 = sehr wichtig,5 = sehr wichtig,3,4,4,"Ja, für maximal 24 Stunden","Ja, für 6 bis 12 Stunden","Nein, auf keinen Fall","Ja, für maximal 24 Stunden","Ja, für maximal 24 Stunden","Ja, für maximal 24 Stunden","Ja, +",,"Ja, +",,"Ja, f",,"Ja, +",,"Ja, f",,"Ja, f",,Ja,Ja,3.000 - 5.000 CHF,Berufsausbildung/Lehre/Maturität,Ich habe keine feste Parteipräferenz
118719701032,458224841,10/18/2024 03:36:06 PM,10/18/2024 03:43:35 PM,213.55.184.147,,,,,41,Männlich,2,,Wohnung (Miete),,,Eine Mischung aus konventionellem Strom und Ökostrom,"Ja. Stromverteilung von dezentralen Erzeugern. Wer bekommt wieviel für den erzeugten Strom. Bereitstellung von genügend Strom wenn gewisse Erzeuger nicht liefer z.B. ohne Somnenschein, ohne Wind, etc.",Notwendigkeit kostspieliger Netzinfrastruktur-Upgrades,2,4,4,5 = sehr wichtig,3,2,"Ja, für 3 bis 6 Stunden","Nein, auf keinen Fall","Ja, aber maximal für 3 Stunden","Nein, auf keinen Fall","Ja, für 6 bis 12 Stunden","Ja, für maximal 24 Stunden",Nein,,Nein,,Nein,,Nein,,Nein,,Nein,,Nein,Nein,7.001 - 10.000 CHF,Fachhochschule/Bachelor,Ich habe keine feste Parteipräferenz
118719698162,458224841,10/18/2024 03:35:53 PM,10/18/2024 03:40:51 PM,83.78.133.241,,,,,25,Männlich,2,,Wohnung (Miete),,,Weiss nicht,"Stärkere Leistungsschwankungen (Sonnen- und Windenergie), welche mit anderen erneuerbaren Energien ausgeglichen werden müssen",Herausforderungen für die Stabilität der Netze,2,5 = sehr wichtig,5 = sehr wichtig,4,3,2,"Ja, für 6 bis 12 Stunden","Ja, für 3 bis 6 Stunden","Ja, für 3 bis 6 Stunden","Ja, für maximal 24 Stunden","Ja, für 6 bis 12 Stunden","Ja, für maximal 24 Stunden","Ja, f",,Nein,,Nein,,"Ja, +",,"Ja, +",,"Ja, +",,Ja,Nein,Über 10.000 CHF,Berufsausbildung/Lehre/Maturität,Ich habe keine feste Parteipräferenz
118719690366,458224841,10/18/2024 03:27:40 PM,10/18/2024 03:33:17 PM,85.4.255.44,,,,,39,Männlich,5,,,,Haus (Eigentum),Eine Mischung aus konventionellem Strom und Ökostrom,  Nein,Herausforderungen für die Stabilität der Netze,4,4,3,3,4,2,"Nein, auf keinen Fall","Ja, für 3 bis 6 Stunden","Ja, für 3 bis 6 Stunden","Ja, für 3 bis 6 Stunden","Ja, aber maximal für 3 Stunden","Ja, für 6 bis 12 Stunden",Nein,,Nein,,"Ja, +",,"Ja, f",,"Ja, +",,"Ja, f",,Ja,Ja,Über 10.000 CHF,Berufsausbildung/Lehre/Maturität,Ich habe keine feste Parteipräferenz
118719658084,458224841,10/18/2024 02:58:56 PM,10/18/2024 03:03:34 PM,213.55.237.75,,,,,46,Weiblich,4,,,Haus (Miete),,Konventionellen Strom (Kernenergie und fossilen Brennstoffen),Es wird zuviel gebraucht,Steigende Strompreise für Verbraucher,1 = sehr unwichtig,3,2,4,3,,"Ja, für maximal 24 Stunden","Ja, für 3 bis 6 Stunden","Ja, für maximal 24 Stunden","Ja, aber maximal für 3 Stunden","Ja, für maximal 24 Stunden","Ja, für maximal 24 Stunden","Ja, f",,Nein,,"Ja, +",50%,Nein,,"Ja, +",50%,"Ja, +",50%,Ja,Ja,Über 10.000 CHF,Berufsausbildung/Lehre/Maturität,Sozialdemokratische Partei der Schweiz (SP)
118719657490,458224841,10/18/2024 02:56:50 PM,10/18/2024 03:03:03 PM,178.197.223.205,,,,,62,Weiblich,1,,Wohnung (Miete),,,Weiss nicht,Wn,Keine der genannten Konsequenzen ist problematisch,3,1 = sehr unwichtig,5 = sehr wichtig,5 = sehr wichtig,4,3,"Nein, auf keinen Fall","Nein, auf keinen Fall","Nein, auf keinen Fall","Nein, auf keinen Fall","Nein, auf keinen Fall","Nein, auf keinen Fall",,20%,Nein,,Nein,,Nein,,,20%,Nein,,Nein,Ja,5.001 - 7.000 CHF,Berufsausbildung/Lehre/Maturität,Keine Angabe
118719648913,458224841,10/18/2024 02:51:14 PM,10/18/2024 02:55:28 PM,194.230.144.40,,,,,19,Männlich,4,,,,Haus (Eigentum),Eine Mischung aus konventionellem Strom und Ökostrom,wn,Steigende Strompreise für Verbraucher,4,5 = sehr wichtig,5 = sehr wichtig,5 = sehr wichtig,4,3,"Ja, für maximal 24 Stunden","Ja, für maximal 24 Stunden","Ja, für 3 bis 6 Stunden","Ja, aber maximal für 3 Stunden","Ja, für maximal 24 Stunden","Ja, für maximal 24 Stunden","Ja, +",5%,Nein,,Nein,,Nein,,Nein,,Nein,,Nein,Nein,Keine Angabe,Sekundarschule/Realschule,Schweizerische Volkspartei (SVP)
118719640453,458224841,10/18/2024 02:39:38 PM,10/18/2024 02:47:56 PM,194.230.148.85,,,,,21,Weiblich,4,,,,Haus (Eigentum),Eine Mischung aus konventionellem Strom und Ökostrom,"Es müsste vielleicht bessere Batterien geben, welche Öko Strom speichern können. Dann kann es auch mal nicht so schöne Tage haben, ohne dass es ins Gewicht fällt.",Herausforderungen für die Stabilität der Netze,1 = sehr unwichtig,5 = sehr wichtig,4,5 = sehr wichtig,3,4,"Ja, für 6 bis 12 Stunden","Ja, aber maximal für 3 Stunden","Ja, für maximal 24 Stunden","Ja, für 6 bis 12 Stunden","Ja, für maximal 24 Stunden","Ja, für maximal 24 Stunden","Ja, f",,"Ja, +",2%,"Ja, f",,"Ja, +",2%,"Ja, f",,"Ja, +",1%,Ja,Ja,Über 10.000 CHF,Berufsausbildung/Lehre/Maturität,FDP.Die Liberalen (FDP)
118719638341,458224841,10/18/2024 02:42:37 PM,10/18/2024 02:45:58 PM,195.85.229.244,,,,,60,Weiblich,3,,,,Haus (Eigentum),Konventionellen Strom (Kernenergie und fossilen Brennstoffen),Wn,Herausforderungen für die Stabilität der Netze,4,4,4,5 = sehr wichtig,5 = sehr wichtig,4,"Ja, für 6 bis 12 Stunden","Ja, für 3 bis 6 Stunden","Ja, für 3 bis 6 Stunden","Ja, für 3 bis 6 Stunden","Ja, für maximal 24 Stunden","Ja, für maximal 24 Stunden",Nein,,Nein,,"Ja, +",,Nein,,Nein,,"Ja, +",,Ja,Ja,3.000 - 5.000 CHF,Universität/Master,Keine Angabe
118719632641,458224841,10/18/2024 02:31:12 PM,10/18/2024 02:41:08 PM,213.55.237.162,,,,,66,Weiblich,1,Wohnung (Eigentum),,,,Weiss nicht,Grip,Herausforderungen für die Stabilität der Netze,4,5 = sehr wichtig,1 = sehr unwichtig,,5 = sehr wichtig,4,"Ja, für maximal 24 Stunden","Ja, für 3 bis 6 Stunden","Ja, für maximal 24 Stunden","Ja, für maximal 24 Stunden","Ja, für maximal 24 Stunden","Ja, für maximal 24 Stunden",Nein,,Nein,,"Ja, +",,Nein,,Nein,,"Ja, f",,Ja,Ja,3.000 - 5.000 CHF,Fachhochschule/Bachelor,Evangelische Volkspartei (EVP)
118719622185,458224841,10/18/2024 02:27:06 PM,10/18/2024 02:32:26 PM,194.230.161.17,,,,,40,Weiblich,4,,,,Haus (Eigentum),Konventionellen Strom (Kernenergie und fossilen Brennstoffen),ja knappheit,Steigende Strompreise für Verbraucher,4,5 = sehr wichtig,1 = sehr unwichtig,5 = sehr wichtig,4,4,"Ja, für maximal 24 Stunden","Ja, für maximal 24 Stunden","Ja, für maximal 24 Stunden","Ja, für maximal 24 Stunden","Ja, für maximal 24 Stunden","Ja, für maximal 24 Stunden",,10%,,10%,,10%,,10%,,10%,,10%,Ja,Ja,Keine Angabe,Universität/Master,Grünliberale Partei (GLP)
118719618428,458224841,10/18/2024 02:22:39 PM,10/18/2024 02:28:59 PM,104.28.135.80,,,,,18,Männlich,5,,,Haus (Miete),,Weiss nicht,wn,Herausforderungen für die Stabilität der Netze,3,5 = sehr wichtig,3,5 = sehr wichtig,4,3,"Ja, für 6 bis 12 Stunden","Ja, aber maximal für 3 Stunden","Ja, für maximal 24 Stunden","Nein, auf keinen Fall","Ja, für 3 bis 6 Stunden","Ja, für maximal 24 Stunden",Nein,,Nein,,"Ja, +",2%,Nein,,Nein,,"Ja, f",,Ja,Ja,Keine Angabe,Berufsausbildung/Lehre/Maturität,Ich habe keine feste Parteipräferenz
118719614056,458224841,10/18/2024 02:18:16 PM,10/18/2024 02:25:05 PM,213.55.184.253,,,,,unter 18,Weiblich,4,,Wohnung (Miete),,,Weiss nicht,wn,Steigende Strompreise für Verbraucher,3,3,5 = sehr wichtig,2,5 = sehr wichtig,4,"Ja, für maximal 24 Stunden","Ja, für 6 bis 12 Stunden","Ja, für 3 bis 6 Stunden","Ja, für 6 bis 12 Stunden","Ja, aber maximal für 3 Stunden","Ja, für maximal 24 Stunden","Ja, +",15%,Nein,,Nein,,Nein,,Nein,,Nein,,Ja,Ja,Keine Angabe,Sekundarschule/Realschule,Ich habe keine feste Parteipräferenz
118719609522,458224841,10/18/2024 02:17:20 PM,10/18/2024 02:21:14 PM,194.230.144.228,,,,,unter 18,Männlich,4,,Wohnung (Miete),,,Konventionellen Strom (Kernenergie und fossilen Brennstoffen),Wn,Bedrohung der Rentabilität von Stromunternehmen,4,5 = sehr wichtig,3,4,4,3,"Ja, aber maximal für 3 Stunden","Nein, auf keinen Fall","Ja, aber maximal für 3 Stunden","Ja, aber maximal für 3 Stunden","Ja, aber maximal für 3 Stunden","Ja, für 3 bis 6 Stunden",Nein,,Nein,,"Ja, f",,"Ja, f",,Nein,,"Ja, f",,Nein,Nein,Keine Angabe,Keine Angabe,Ich habe keine feste Parteipräferenz
118719608146,458224841,10/18/2024 02:14:32 PM,10/18/2024 02:20:08 PM,172.225.27.66,,,,,29,Weiblich,2,,Wohnung (Miete),,,"Ökostrom (aus erneuerbaren Energien wie Wasser, Sonne, Wind)",wn,Steigende Strompreise für Verbraucher,3,4,4,3,5 = sehr wichtig,3,"Ja, für maximal 24 Stunden","Ja, für maximal 24 Stunden","Ja, für maximal 24 Stunden","Ja, für maximal 24 Stunden","Ja, für maximal 24 Stunden","Ja, für maximal 24 Stunden","Ja, +",,"Ja, +",,"Ja, f",,"Ja, f",,"Ja, +",,"Ja, f",,Ja,Ja,Keine Angabe,Berufsausbildung/Lehre/Maturität,Ich habe keine feste Parteipräferenz
118719600879,458224841,10/18/2024 02:03:08 PM,10/18/2024 02:11:33 PM,194.230.144.113,,,,,40,Weiblich,2,,Wohnung (Miete),,,Konventionellen Strom (Kernenergie und fossilen Brennstoffen),Nein denk ich nicht,Steigende Strompreise für Verbraucher,1 = sehr unwichtig,5 = sehr wichtig,3,3,5 = sehr wichtig,3,"Ja, für maximal 24 Stunden","Ja, für maximal 24 Stunden","Ja, für maximal 24 Stunden","Ja, für 6 bis 12 Stunden","Ja, für maximal 24 Stunden","Ja, für maximal 24 Stunden","Ja, f",,,20%,"Ja, +",,Nein,,Nein,,,10%,Ja,Ja,5.001 - 7.000 CHF,Sekundarschule/Realschule,Ich habe keine feste Parteipräferenz
118719590338,458224841,10/18/2024 01:50:06 PM,10/18/2024 01:56:00 PM,185.12.131.47,,,,,65,Männlich,1,,Wohnung (Miete),,,Eine Mischung aus konventionellem Strom und Ökostrom,Weiß nicht ,Herausforderungen für die Stabilität der Netze,4,5 = sehr wichtig,2,2,5 = sehr wichtig,5 = sehr wichtig,"Ja, für maximal 24 Stunden","Ja, für maximal 24 Stunden","Ja, für maximal 24 Stunden","Ja, für maximal 24 Stunden","Ja, für maximal 24 Stunden","Ja, für maximal 24 Stunden",Nein,,Nein,,"Ja, f",,"Ja, f",,Nein,,Nein,,Ja,Ja,Unter 3.000 CHF,Universität/Master,Keine Angabe
118719585877,458224841,10/18/2024 01:15:26 PM,10/18/2024 01:48:15 PM,178.197.218.157,,,,,21,Weiblich,4,Wohnung (Eigentum),,,,"Ökostrom (aus erneuerbaren Energien wie Wasser, Sonne, Wind)",Nachhaltigkeit auf Dauer,Herausforderungen für die Stabilität der Netze,4,5 = sehr wichtig,4,1 = sehr unwichtig,4,1 = sehr unwichtig,"Ja, für 6 bis 12 Stunden","Ja, für 3 bis 6 Stunden","Ja, für 6 bis 12 Stunden","Ja, für maximal 24 Stunden","Ja, für 6 bis 12 Stunden","Ja, für maximal 24 Stunden","Ja, f",,"Ja, +",10%,"Ja, f",,"Ja, f",,"Ja, f",,"Ja, f",,Ja,Ja,Keine Angabe,Berufsausbildung/Lehre/Maturität,Die Mitte
118719585430,458224841,10/18/2024 01:43:51 PM,10/18/2024 01:47:33 PM,178.197.203.79,,,,,21,Divers,5,,Wohnung (Miete),,,Weiss nicht,Weiss nicht,Herausforderungen für die Stabilität der Netze,5 = sehr wichtig,4,3,3,5 = sehr wichtig,2,"Ja, für 6 bis 12 Stunden","Ja, aber maximal für 3 Stunden","Ja, für 3 bis 6 Stunden","Ja, aber maximal für 3 Stunden","Ja, für 3 bis 6 Stunden","Ja, für maximal 24 Stunden",Nein,,Nein,,"Ja, +",43%,"Ja, +",29%,Nein,,"Ja, +",20%,Ja,Ja,Keine Angabe,Berufsausbildung/Lehre/Maturität,Keine Angabe
118719583858,458224841,10/18/2024 01:41:26 PM,10/18/2024 01:44:46 PM,194.230.148.107,,,,,20,Männlich,3,,,,Haus (Eigentum),Weiss nicht,wn,Herausforderungen für die Stabilität der Netze,2,4,5 = sehr wichtig,4,3,3,"Ja, für maximal 24 Stunden","Ja, für 6 bis 12 Stunden","Ja, für maximal 24 Stunden","Ja, für 3 bis 6 Stunden","Ja, für maximal 24 Stunden","Ja, für maximal 24 Stunden",Nein,,Nein,,Nein,,Nein,,Nein,,Nein,,Ja,Nein,Keine Angabe,Berufsausbildung/Lehre/Maturität,Sozialdemokratische Partei der Schweiz (SP)
118719565260,458224841,10/18/2024 01:03:36 PM,10/18/2024 01:11:03 PM,194.15.111.220,,,,,36,Männlich,3,Wohnung (Eigentum),,,,Eine Mischung aus konventionellem Strom und Ökostrom,Zuviel oder zu wenig strom,Herausforderungen für die Stabilität der Netze,3,5 = sehr wichtig,3,2,4,3,"Ja, aber maximal für 3 Stunden","Nein, auf keinen Fall","Ja, für 6 bis 12 Stunden","Ja, für 6 bis 12 Stunden","Ja, für 6 bis 12 Stunden","Ja, für 6 bis 12 Stunden","Ja, +",25%,Nein,,"Ja, +",25%,"Ja, +",25%,"Ja, +",25%,"Ja, +",25%,Ja,Ja,5.001 - 7.000 CHF,Fachhochschule/Bachelor,Ich habe keine feste Parteipräferenz
118719560234,458224841,10/18/2024 12:58:17 PM,10/18/2024 01:01:16 PM,213.55.184.55,,,,,20,Weiblich,über 6,,,,Haus (Eigentum),Konventionellen Strom (Kernenergie und fossilen Brennstoffen),Wechsel generiert Kosten,Notwendigkeit kostspieliger Netzinfrastruktur-Upgrades,1 = sehr unwichtig,4,2,4,5 = sehr wichtig,5 = sehr wichtig,"Ja, für maximal 24 Stunden","Ja, für maximal 24 Stunden","Ja, für maximal 24 Stunden","Ja, für maximal 24 Stunden","Ja, für maximal 24 Stunden","Ja, für maximal 24 Stunden","Ja, +",10%,Nein,,"Ja, +",5%,"Ja, +",30%,Nein,,"Ja, +",20%,Ja,Ja,Unter 3.000 CHF,Berufsausbildung/Lehre/Maturität,Schweizerische Volkspartei (SVP)
118719559146,458224841,10/18/2024 12:01:09 PM,10/18/2024 12:59:07 PM,178.197.215.157,,,,,61,Weiblich,3,,,,Haus (Eigentum),"Ökostrom (aus erneuerbaren Energien wie Wasser, Sonne, Wind)",Bereitstellung der notwendigen Netzinfrastruktur,Notwendigkeit kostspieliger Netzinfrastruktur-Upgrades,3,5 = sehr wichtig,3,5 = sehr wichtig,5 = sehr wichtig,2,"Ja, aber maximal für 3 Stunden","Nein, auf keinen Fall","Ja, aber maximal für 3 Stunden","Nein, auf keinen Fall","Ja, aber maximal für 3 Stunden","Ja, aber maximal für 3 Stunden",Nein,,Nein,,Nein,,Nein,,Nein,,Nein,,Ja,Nein,Über 10.000 CHF,Fachhochschule/Bachelor,FDP.Die Liberalen (FDP)
118719554786,458224841,10/18/2024 12:45:26 PM,10/18/2024 12:50:09 PM,213.55.185.21,,,,,21,Weiblich,1,,Wohnung (Miete),,,Konventionellen Strom (Kernenergie und fossilen Brennstoffen),Fehlende Ressourcen,Steigende Strompreise für Verbraucher,3,5 = sehr wichtig,3,5 = sehr wichtig,2,3,"Ja, für 6 bis 12 Stunden","Ja, für 3 bis 6 Stunden","Ja, für 6 bis 12 Stunden","Ja, für 3 bis 6 Stunden","Ja, für 6 bis 12 Stunden","Ja, für 6 bis 12 Stunden","Ja, f",20%,"Ja, f",20%,"Ja, f",20%,"Ja, f",20%,"Ja, f",20%,"Ja, f",20%,Ja,Ja,7.001 - 10.000 CHF,Berufsausbildung/Lehre/Maturität,Schweizerische Volkspartei (SVP)
118719550176,458224841,10/18/2024 12:35:39 PM,10/18/2024 12:40:31 PM,178.197.218.106,,,,,22,Männlich,3,,,,Haus (Eigentum),Eine Mischung aus konventionellem Strom und Ökostrom,Wn,Notwendigkeit kostspieliger Netzinfrastruktur-Upgrades,2,1 = sehr unwichtig,4,3,3,4,"Ja, für maximal 24 Stunden","Ja, für 3 bis 6 Stunden","Ja, für maximal 24 Stunden","Ja, für 6 bis 12 Stunden","Ja, für maximal 24 Stunden","Ja, für maximal 24 Stunden",Nein,,Nein,,"Ja, f",,Nein,,Nein,,"Ja, +",3%,Ja,Ja,Keine Angabe,Berufsausbildung/Lehre/Maturität,Ich habe keine feste Parteipräferenz
118719549032,458224841,10/18/2024 12:26:00 PM,10/18/2024 12:38:01 PM,197.211.185.194,,,,,21,Männlich,4,,,,Haus (Eigentum),Eine Mischung aus konventionellem Strom und Ökostrom,"Ja, Strom wird nicht konstant gleich viel erzeugt. (Wind, Sonne ist nicht immer gleich intensiv) Man müsste effizient in grossem Stil Strom speichern können.)",Herausforderungen für die Stabilität der Netze,2,5 = sehr wichtig,4,5 = sehr wichtig,1 = sehr unwichtig,3,"Ja, für 6 bis 12 Stunden","Nein, auf keinen Fall","Nein, auf keinen Fall","Nein, auf keinen Fall","Ja, für maximal 24 Stunden","Ja, für 3 bis 6 Stunden","Ja, +",10%,Nein,,"Ja, +",50%,Nein,,"Ja, +",10%,"Ja, +",10%,Ja,Nein,Keine Angabe,Berufsausbildung/Lehre/Maturität,Die Mitte
118719545936,458224841,10/18/2024 12:25:12 PM,10/18/2024 12:31:48 PM,194.230.144.9,,,,,21,Weiblich,3,,Wohnung (Miete),,,Weiss nicht,wn,Steigende Strompreise für Verbraucher,3,5 = sehr wichtig,3,5 = sehr wichtig,3,3,"Ja, für maximal 24 Stunden","Ja, für 3 bis 6 Stunden","Ja, für maximal 24 Stunden","Ja, für maximal 24 Stunden","Ja, für maximal 24 Stunden","Ja, für maximal 24 Stunden","Ja, f",,"Ja, +",20%,"Ja, +",20%,Nein,,Nein,,Nein,,Ja,Ja,3.000 - 5.000 CHF,Berufsausbildung/Lehre/Maturität,Keine Angabe
118719545213,458224841,10/18/2024 12:25:56 PM,10/18/2024 12:30:22 PM,178.197.222.159,,,,,19,Männlich,3,,,,Haus (Eigentum),Eine Mischung aus konventionellem Strom und Ökostrom,"Ja, nicht genug Strom vorhanden um den bedarf zu decken",Herausforderungen für die Stabilität der Netze,3,5 = sehr wichtig,3,4,2,1 = sehr unwichtig,"Ja, für 3 bis 6 Stunden","Nein, auf keinen Fall","Ja, aber maximal für 3 Stunden","Nein, auf keinen Fall","Ja, für maximal 24 Stunden","Ja, für maximal 24 Stunden",Nein,,Nein,,Nein,,Nein,,Nein,,Nein,,Ja,Nein,Über 10.000 CHF,Berufsausbildung/Lehre/Maturität,Keine Angabe
118719540468,458224841,10/18/2024 12:18:29 PM,10/18/2024 12:20:28 PM,178.197.207.18,,,,,unter 18,Weiblich,6,,Wohnung (Miete),,,Konventionellen Strom (Kernenergie und fossilen Brennstoffen),Weiss nicht ,Bedrohung der Rentabilität von Stromunternehmen,2,1 = sehr unwichtig,2,2,2,2,"Ja, für 3 bis 6 Stunden","Ja, aber maximal für 3 Stunden","Ja, für 3 bis 6 Stunden","Ja, aber maximal für 3 Stunden","Ja, aber maximal für 3 Stunden","Ja, für maximal 24 Stunden","Ja, f",5%,"Ja, +",7%,"Ja, +",10%,Nein,6%,"Ja, +",13%,"Ja, +",5%,Ja,Ja,5.001 - 7.000 CHF,Berufsausbildung/Lehre/Maturität,Grüne Partei der Schweiz (GPS)
118719539315,458224841,10/18/2024 12:12:37 PM,10/18/2024 12:18:03 PM,194.230.161.47,,,,,29,Männlich,2,,Wohnung (Miete),,,Weiss nicht,"Ja, dass zu wenig produziert wird.",Steigende Strompreise für Verbraucher,5 = sehr wichtig,5 = sehr wichtig,5 = sehr wichtig,5 = sehr wichtig,5 = sehr wichtig,5 = sehr wichtig,"Ja, für maximal 24 Stunden","Ja, für maximal 24 Stunden","Ja, für maximal 24 Stunden","Ja, für maximal 24 Stunden","Ja, für maximal 24 Stunden","Ja, für maximal 24 Stunden","Ja, +",25%,Nein,,Nein,,Nein,,Nein,,Nein,,Nein,Ja,Unter 3.000 CHF,Fachhochschule/Bachelor,Sozialdemokratische Partei der Schweiz (SP)
118719538617,458224841,10/18/2024 12:12:42 PM,10/18/2024 12:16:40 PM,194.230.148.128,,,,,26,Weiblich,2,,Wohnung (Miete),,,Konventionellen Strom (Kernenergie und fossilen Brennstoffen),Weiss nicht,Steigende Strompreise für Verbraucher,5 = sehr wichtig,4,5 = sehr wichtig,3,3,2,"Ja, für maximal 24 Stunden","Ja, für maximal 24 Stunden","Ja, für 6 bis 12 Stunden","Ja, für maximal 24 Stunden","Ja, für maximal 24 Stunden","Ja, für maximal 24 Stunden","Ja, +",5%,"Ja, +",5%,"Ja, +",10%,"Ja, f",5%,"Ja, f",5%,"Ja, f",5%,Nein,Nein,Unter 3.000 CHF,Berufsausbildung/Lehre/Maturität,Ich habe keine feste Parteipräferenz
118719538578,458224841,10/18/2024 12:06:49 PM,10/18/2024 12:16:35 PM,178.197.218.191,,,,,56,Weiblich,1,Wohnung (Eigentum),,,,Konventionellen Strom (Kernenergie und fossilen Brennstoffen),Zu wenig. Entscheidung von der Bevölkerung was für eine Art Zusatz,Herausforderungen für die Stabilität der Netze,4,4,2,5 = sehr wichtig,4,3,"Ja, für maximal 24 Stunden","Ja, für maximal 24 Stunden","Ja, für maximal 24 Stunden","Nein, auf keinen Fall","Ja, für maximal 24 Stunden","Ja, für maximal 24 Stunden",Nein,,Nein,,Nein,,Nein,,Nein,,Nein,,Ja,Ja,7.001 - 10.000 CHF,Universität/Master,Keine Angabe
118719534721,458224841,10/18/2024 12:08:21 PM,10/18/2024 12:13:44 PM,178.197.214.145,,,,,72,Männlich,2,,Wohnung (Miete),,,Eine Mischung aus konventionellem Strom und Ökostrom,An,Herausforderungen für die Stabilität der Netze,3,3,2,5 = sehr wichtig,2,2,"Ja, für maximal 24 Stunden","Ja, für maximal 24 Stunden","Ja, für 3 bis 6 Stunden","Ja, für maximal 24 Stunden","Ja, für maximal 24 Stunden","Ja, für 3 bis 6 Stunden",,22%,,50%,,30%,,10%,,60%,,10%,Ja,Ja,7.001 - 10.000 CHF,Berufsausbildung/Lehre/Maturität,Schweizerische Volkspartei (SVP)
118719536194,458224841,10/18/2024 12:05:20 PM,10/18/2024 12:11:42 PM,194.230.161.228,,,,,25,Männlich,4,,Wohnung (Miete),,,"Ökostrom (aus erneuerbaren Energien wie Wasser, Sonne, Wind)","Nein, der Bedarf lässt sich decken.",Keine der genannten Konsequenzen ist problematisch,4,5 = sehr wichtig,1 = sehr unwichtig,4,3,2,"Ja, aber maximal für 3 Stunden","Nein, auf keinen Fall","Ja, für maximal 24 Stunden","Ja, aber maximal für 3 Stunden","Ja, für maximal 24 Stunden","Ja, für 6 bis 12 Stunden","Ja, f",10%,Nein,,"Ja, f",0%,"Ja, +",10%,"Ja, f",10%,"Ja, f",5%,Ja,Ja,3.000 - 5.000 CHF,Universität/Master,Sozialdemokratische Partei der Schweiz (SP)
118718418410,458224841,10/17/2024 07:17:13 AM,10/17/2024 07:22:17 AM,194.230.148.164,,,,,33,Männlich,4,,Wohnung (Miete),,,Eine Mischung aus konventionellem Strom und Ökostrom,wn,Herausforderungen für die Stabilität der Netze,1 = sehr unwichtig,4,4,5 = sehr wichtig,3,3,"Ja, für maximal 24 Stunden","Ja, für maximal 24 Stunden","Ja, für 3 bis 6 Stunden","Nein, auf keinen Fall","Ja, für 6 bis 12 Stunden","Ja, für maximal 24 Stunden",Nein,,Nein,,Nein,,Nein,,Nein,,Nein,,Ja,Ja,Über 10.000 CHF,Universität/Master,Ich habe keine feste Parteipräferenz
118718417818,458224841,10/17/2024 07:12:23 AM,10/17/2024 07:20:58 AM,213.55.185.226,,,,,28,Weiblich,4,,Wohnung (Miete),,,Konventionellen Strom (Kernenergie und fossilen Brennstoffen),Ich denke nicht. Es ist eine gute Lösung. ,Steigende Strompreise für Verbraucher,5 = sehr wichtig,5 = sehr wichtig,5 = sehr wichtig,5 = sehr wichtig,5 = sehr wichtig,5 = sehr wichtig,"Ja, für maximal 24 Stunden","Ja, für 6 bis 12 Stunden","Ja, für 6 bis 12 Stunden","Ja, für 3 bis 6 Stunden","Ja, für maximal 24 Stunden","Ja, für maximal 24 Stunden","Ja, f",20%,"Ja, f",25%,"Ja, +",45%,"Ja, f",40%,"Ja, f",30%,"Ja, f",25%,Ja,Ja,7.001 - 10.000 CHF,Universität/Master,Grüne Partei der Schweiz (GPS)
118717793319,458224841,10/16/2024 05:11:29 PM,10/16/2024 05:16:46 PM,178.197.219.224,,,,,35,Weiblich,3,,,Haus (Miete),,"Ökostrom (aus erneuerbaren Energien wie Wasser, Sonne, Wind)","Naturabhänig. Keine Sonne, kein wind",Herausforderungen für die Stabilität der Netze,3,3,2,2,2,2,"Ja, für 6 bis 12 Stunden","Ja, für 3 bis 6 Stunden","Ja, für maximal 24 Stunden","Ja, für 3 bis 6 Stunden","Ja, für maximal 24 Stunden","Ja, für maximal 24 Stunden","Ja, +",30%,"Ja, +",30%,"Ja, +",30%,"Ja, +",30%,"Ja, f",,"Ja, f",,Ja,Ja,Über 10.000 CHF,Fachhochschule/Bachelor,Die Mitte
